IP Address,Failed Attempts,Successful Logins,Suspicious DNS Events,Brute Force Alert,First Seen,Last Seen
202.8.156.6,6,0,0,YES ⚠️,Dec 10 18:34:11,Dec 11 10:30:38
202.184.196.217,21,0,0,YES ⚠️,Dec 23 18:09:13,Dec 23 18:10:13
67.52.236.114,3,0,0,No,Dec 24 22:14:10,Dec 24 22:14:53
211.218.150.247,1,0,0,No,Dec 12 00:27:03,Dec 12 00:27:03
202.137.3.194,30,0,0,YES ⚠️,Dec 12 05:37:11,Dec 26 08:34:49
62.75.147.234,3,0,0,No,Dec 10 21:59:58,Dec 10 22:00:00
213.165.80.123,1,0,0,No,Dec 10 22:51:14,Dec 10 22:51:14
124.205.250.51,3,0,0,No,Nov 30 15:22:39,Nov 30 15:22:48
218.145.70.16,5,0,0,YES ⚠️,Dec 12 02:54:32,Dec 12 05:44:51
174.142.75.115,4,0,0,No,Dec 10 19:06:28,Dec 10 19:07:09
87.106.184.86,4,0,0,No,Dec  9 22:27:03,Dec 10 05:06:47
202.152.32.190,3,0,0,No,Dec 10 11:04:28,Dec 10 15:46:10
61.127.222.26,2,0,0,No,Dec 12 06:14:21,Dec 12 06:14:22
74.106.189.198,3,0,0,No,Dec 10 01:40:49,Dec 10 01:41:02
61.189.240.126,2,0,0,No,Dec 12 04:50:40,Dec 12 04:50:46
78.111.117.234,12,0,0,YES ⚠️,Dec 23 13:46:26,Dec 23 13:46:52
61.174.51.235,2,0,0,No,Dec 20 22:14:51,Dec 21 00:29:23
87.106.165.32,30,0,0,YES ⚠️,Dec 28 17:16:30,Dec 28 17:17:16
180.166.148.20,2,0,0,No,Dec 11 20:00:53,Dec 11 20:00:55
85.214.112.93,2,0,0,No,Dec 11 03:44:13,Dec 11 03:44:15
187.12.251.54,3,0,0,No,Dec  8 05:25:43,Dec  8 05:25:49
66.171.60.156,1,0,0,No,Dec 21 15:05:17,Dec 21 15:05:17
61.250.94.85,2,0,0,No,Dec 11 07:22:53,Dec 11 07:22:57
76.163.25.136,1,0,0,No,Dec 11 22:14:51,Dec 11 22:14:51
122.225.109.222,2,0,0,No,Dec  7 18:09:09,Dec 12 17:39:08
82.165.133.28,33,0,0,YES ⚠️,Dec 11 16:32:43,Dec 24 19:05:30
202.201.160.3,37,0,0,YES ⚠️,Dec 10 07:26:54,Dec 30 17:10:25
123.231.54.171,1,0,0,No,Dec  3 18:51:48,Dec  3 18:51:48
189.203.240.24,29,0,0,YES ⚠️,Dec  1 15:11:46,Dec  1 15:13:46
213.219.182.27,2,0,0,No,Dec  7 08:55:37,Dec  7 08:55:38
122.225.109.221,4,0,0,No,Dec 12 12:05:00,Dec 27 23:53:29
5.228.231.241,1,0,0,No,Dec 29 13:54:12,Dec 29 13:54:12
115.29.39.238,6,0,0,YES ⚠️,Dec  7 00:20:45,Dec  7 08:12:21
80.12.92.221,2,0,0,No,Dec 11 19:28:40,Dec 11 19:28:41
176.38.95.52,1,0,0,No,Dec 25 13:08:32,Dec 25 13:08:32
87.106.151.114,1,0,0,No,Dec 11 18:25:05,Dec 11 18:25:05
67.198.197.194,4,0,0,No,Dec 10 01:08:13,Dec 11 16:26:15
109.161.219.195,1,0,0,No,Dec 27 18:23:02,Dec 27 18:23:02
184.184.48.121,1,0,0,No,Dec  7 10:50:04,Dec  7 10:50:04
109.108.146.208,3,0,0,No,Dec 11 13:22:50,Dec 11 19:50:37
78.83.102.100,1,0,0,No,Dec 12 01:25:30,Dec 12 01:25:30
61.58.35.74,22,0,0,YES ⚠️,Dec 12 01:46:14,Dec 29 05:01:51
122.225.109.206,3,0,0,No,Dec  9 17:47:39,Dec 21 02:49:15
109.63.120.123,1,0,0,No,Dec 27 20:40:38,Dec 27 20:40:38
81.3.145.10,2,0,0,No,Dec 12 00:50:11,Dec 12 00:50:13
122.225.109.113,3,0,0,No,Dec 12 07:32:45,Dec 30 02:46:57
61.119.72.50,2,0,0,No,Dec 23 16:45:35,Dec 23 16:45:45
173.201.216.113,1,0,0,No,Dec 24 22:14:35,Dec 24 22:14:35
74.81.70.82,16,0,0,YES ⚠️,Dec 11 03:43:35,Dec 19 22:46:54
217.116.128.17,30,0,0,YES ⚠️,Dec 31 05:27:49,Dec 31 05:29:06
203.199.209.132,3,0,0,No,Dec 12 08:57:38,Dec 12 11:46:30
84.19.186.43,2,0,0,No,Dec 11 00:46:46,Dec 11 00:46:48
212.99.93.252,2,0,0,No,Dec  6 08:34:17,Dec  6 08:34:18
109.228.4.202,3,0,0,No,Dec 10 05:30:11,Dec 10 05:30:13
209.172.57.249,2,0,0,No,Dec 10 19:54:58,Dec 10 19:54:58
67.23.31.75,3,0,0,No,Dec 10 00:37:31,Dec 10 00:37:31
91.192.214.206,1,0,0,No,Dec 21 15:05:24,Dec 21 15:05:24
134.91.19.8,3,0,0,No,Dec 10 15:33:43,Dec 10 15:33:47
61.178.188.36,3,0,0,No,Dec 10 00:23:19,Dec 10 00:23:23
92.61.37.27,4,0,0,No,Dec 11 00:45:38,Dec 11 14:34:47
61.157.200.222,8,0,0,YES ⚠️,Dec  5 13:48:27,Dec  8 08:26:24
90.156.208.219,2,0,0,No,Dec 18 01:42:35,Dec 18 01:42:38
174.79.103.106,2,0,0,No,Dec 11 17:44:15,Dec 11 17:44:15
58.214.17.71,2,0,0,No,Dec 12 03:37:27,Dec 12 03:37:34
123.30.111.100,2,0,0,No,Dec 12 04:03:29,Dec 12 04:03:32
46.38.162.39,29,0,0,YES ⚠️,Dec 10 01:29:27,Dec 29 13:10:03
75.117.149.161,1,0,0,No,Dec 16 10:01:28,Dec 16 10:01:28
173.12.246.241,1,0,0,No,Dec 19 11:24:03,Dec 19 11:24:03
222.186.21.42,2,0,0,No,Dec  1 11:38:04,Dec  5 09:07:07
222.219.187.9,146,0,0,YES ⚠️,Dec  4 20:00:06,Dec  4 20:03:48
203.110.83.35,2,0,0,No,Dec 22 23:48:11,Dec 22 23:48:13
122.225.109.210,1,0,0,No,Dec 17 18:27:40,Dec 17 18:27:40
222.255.236.49,1,0,0,No,Dec 10 13:03:40,Dec 10 13:03:40
213.165.83.15,2,0,0,No,Dec 11 17:02:47,Dec 11 17:02:49
210.211.118.213,60,0,0,YES ⚠️,Dec 25 06:45:35,Dec 26 19:49:40
190.128.136.142,6,0,0,YES ⚠️,Dec  4 09:55:30,Dec  5 08:09:53
92.61.37.180,3,0,0,No,Dec 10 07:25:47,Dec 10 07:25:49
184.173.249.130,34,0,0,YES ⚠️,Dec 10 20:12:11,Dec 31 11:28:50
87.230.32.199,3,0,0,No,Dec  9 23:22:49,Dec  9 23:22:51
122.225.109.98,1,0,0,No,Dec  7 23:58:21,Dec  7 23:58:21
62.214.115.17,3,0,0,No,Dec  9 22:09:54,Dec  9 22:09:56
95.167.100.24,6,0,0,YES ⚠️,Dec 10 05:36:57,Dec 11 01:02:08
82.194.76.182,1,0,0,No,Dec 12 04:31:24,Dec 12 04:31:24
112.216.180.190,3,0,0,No,Dec  9 21:36:07,Dec  9 21:36:13
98.191.25.65,3,0,0,No,Dec 10 09:07:21,Dec 10 09:07:22
81.248.9.37,3,0,0,No,Dec 11 22:45:38,Dec 11 22:45:41
81.169.181.100,2,0,0,No,Dec 10 18:25:00,Dec 10 18:25:01
188.116.213.70,1,0,0,No,Dec 27 17:13:06,Dec 27 17:13:06
220.110.200.129,1,0,0,No,Dec 12 10:48:16,Dec 12 10:48:16
50.199.219.5,3,0,0,No,Dec 26 05:06:34,Dec 26 05:06:35
159.153.172.197,3,0,0,No,Dec 10 15:47:12,Dec 10 23:30:41
91.215.180.222,23,0,0,YES ⚠️,Dec 10 16:17:39,Dec 23 03:21:34
87.238.161.161,30,0,0,YES ⚠️,Dec 27 05:39:47,Dec 27 05:40:41
85.214.25.166,3,0,0,No,Dec  9 20:29:46,Dec  9 20:29:48
91.184.3.252,3,0,0,No,Dec 10 16:47:09,Dec 10 16:47:11
81.169.130.144,2,0,0,No,Dec  3 17:36:31,Dec  3 17:36:33
218.78.247.29,1,0,0,No,Dec 30 05:49:18,Dec 30 05:49:18
58.221.36.81,9,0,0,YES ⚠️,Dec 22 21:13:30,Dec 22 21:14:15
208.97.41.23,1,0,0,No,Dec 29 13:54:40,Dec 29 13:54:40
79.135.33.50,2,0,0,No,Dec 18 00:32:17,Dec 18 00:32:18
202.82.223.24,2,0,0,No,Dec 12 03:14:31,Dec 12 03:14:33
203.111.101.146,1,0,0,No,Dec 11 05:19:30,Dec 11 05:19:30
212.38.6.63,4,0,0,No,Dec 11 07:01:18,Dec 12 06:37:03
122.225.109.114,7,0,0,YES ⚠️,Dec  2 11:27:50,Dec 25 06:51:30
221.151.112.189,24,0,0,YES ⚠️,Dec 11 11:35:01,Dec 23 15:07:47
85.95.227.179,1,0,0,No,Dec 11 04:15:16,Dec 11 04:15:16
186.56.34.162,1,0,0,No,Dec 11 23:20:52,Dec 11 23:20:52
76.100.117.164,1,0,0,No,Dec 11 00:56:37,Dec 11 00:56:37
195.235.11.37,1,0,0,No,Dec 11 11:05:13,Dec 11 11:05:13
212.227.20.35,2,0,0,No,Dec 10 21:50:05,Dec 10 21:50:06
50.23.94.106,8,0,0,YES ⚠️,Dec 10 15:29:35,Dec 10 19:18:36
112.217.177.82,1,0,0,No,Dec 12 15:41:34,Dec 12 15:41:34
122.225.109.109,2,0,0,No,Dec 17 09:08:26,Dec 30 08:56:33
222.42.146.175,1,0,0,No,Dec 11 09:44:19,Dec 11 09:44:19
94.247.176.162,2,0,0,No,Dec 11 10:18:51,Dec 11 10:18:52
62.141.52.31,3,0,0,No,Dec 11 20:59:44,Dec 11 20:59:45
41.205.23.142,23,0,0,YES ⚠️,Dec 20 05:54:32,Dec 28 08:51:02
121.96.170.17,1,0,0,No,Dec 22 00:45:59,Dec 22 00:45:59
92.61.36.94,63,0,0,YES ⚠️,Dec 10 07:48:08,Dec 27 18:19:32
125.206.111.149,1,0,0,No,Dec 12 00:42:08,Dec 12 00:42:08
83.144.84.38,2,0,0,No,Dec 18 04:26:14,Dec 18 04:26:21
67.228.78.186,2,0,0,No,Dec 11 00:46:40,Dec 11 00:46:41
82.165.146.2,3,0,0,No,Dec 11 16:06:21,Dec 12 13:51:37
74.52.105.154,8,0,0,YES ⚠️,Dec  9 20:36:27,Dec 11 12:39:11
210.200.136.89,2,0,0,No,Dec 11 16:05:44,Dec 11 16:05:51
87.252.3.98,4,0,0,No,Dec 11 03:29:03,Dec 11 05:55:14
117.27.139.149,2,0,0,No,Dec 20 08:38:55,Dec 20 08:39:02
203.186.202.169,30,0,0,YES ⚠️,Dec 25 22:12:56,Dec 25 22:14:28
87.118.114.177,1,0,0,No,Dec 10 02:08:46,Dec 10 02:08:46
195.225.168.19,2,0,0,No,Dec 11 01:29:24,Dec 11 01:29:26
92.61.39.44,1,0,0,No,Dec 12 00:03:26,Dec 12 00:03:26
193.104.41.204,6,0,0,YES ⚠️,Dec 19 03:29:43,Dec 19 03:36:54
202.121.166.208,21,0,0,YES ⚠️,Dec 23 03:10:37,Dec 23 03:11:37
76.248.25.55,9,0,0,YES ⚠️,Dec  9 19:42:04,Dec 11 07:55:39
89.171.118.227,1,0,0,No,Dec 11 16:37:53,Dec 11 16:37:53
222.173.145.34,6,0,0,YES ⚠️,Dec 25 17:38:17,Dec 25 17:38:41
211.174.62.60,4,0,0,No,Dec 10 08:24:11,Dec 11 18:17:37
123.30.51.167,2,0,0,No,Dec 11 11:19:35,Dec 11 11:19:37
79.190.152.238,1,0,0,No,Dec 11 11:01:00,Dec 11 11:01:00
117.255.233.44,1,0,0,No,Dec 27 10:28:54,Dec 27 10:28:54
68.171.159.21,3,0,0,No,Dec 12 10:39:49,Dec 12 10:39:50
221.255.84.205,1,0,0,No,Dec 12 01:27:22,Dec 12 01:27:22
211.125.67.103,2,0,0,No,Dec 11 17:26:55,Dec 11 17:26:56
14.23.153.98,6,0,0,YES ⚠️,Dec  9 18:12:33,Dec 11 14:30:42
91.135.237.51,3,0,0,No,Dec 10 05:15:33,Dec 10 05:15:35
37.204.244.161,1,0,0,No,Dec  7 10:50:08,Dec  7 10:50:08
122.225.97.78,1,0,0,No,Dec 28 00:13:16,Dec 28 00:13:16
207.234.130.63,2,0,0,No,Dec 11 19:59:20,Dec 11 19:59:21
146.148.68.216,11,0,0,YES ⚠️,Dec 15 10:56:47,Dec 15 10:58:22
90.145.134.212,2,0,0,No,Dec 12 00:47:50,Dec 12 00:48:04
173.8.170.237,2,0,0,No,Dec 11 14:39:22,Dec 11 14:39:23
217.109.167.117,2,0,0,No,Dec 29 13:25:12,Dec 29 13:25:18
85.214.95.138,2,0,0,No,Dec  3 17:04:32,Dec  3 17:04:34
107.144.67.8,1,0,0,No,Dec 29 13:54:01,Dec 29 13:54:01
88.198.25.137,3,0,0,No,Dec  9 19:13:27,Dec  9 19:13:29
202.221.239.99,9,0,0,YES ⚠️,Dec 10 03:08:05,Dec 11 02:20:15
202.117.35.252,5,0,0,YES ⚠️,Dec 10 04:28:01,Dec 11 13:49:53
60.250.125.105,21,0,0,YES ⚠️,Dec 23 02:52:11,Dec 23 02:54:45
60.195.252.111,11,0,0,YES ⚠️,Dec 10 19:07:20,Dec 12 13:07:17
87.106.29.180,3,0,0,No,Dec  9 20:33:35,Dec  9 20:33:40
65.28.26.218,1,0,0,No,Dec 24 22:14:31,Dec 24 22:14:31
95.110.232.61,3,0,0,No,Dec 10 05:26:37,Dec 10 05:26:38
89.17.219.18,2,0,0,No,Dec 11 12:31:14,Dec 11 12:31:15
212.150.196.217,1,0,0,No,Dec 10 21:18:04,Dec 10 21:18:04
123.249.19.59,1,0,0,No,Dec 24 18:41:40,Dec 24 18:41:40
86.58.131.104,2,0,0,No,Dec 12 10:07:49,Dec 12 10:07:51
60.240.76.49,2,0,0,No,Dec 10 20:13:08,Dec 10 20:13:13
209.12.252.254,4,0,0,No,Dec 23 09:26:55,Dec 30 04:18:46
76.12.115.68,3,0,0,No,Dec 10 02:45:19,Dec 10 02:45:19
216.97.230.109,3,0,0,No,Dec 10 06:17:08,Dec 10 06:17:10
92.51.133.139,2,0,0,No,Dec 10 16:02:15,Dec 10 16:02:17
61.138.179.159,5,0,0,YES ⚠️,Dec 11 15:45:01,Dec 11 22:50:40
61.167.199.241,18,0,0,YES ⚠️,Dec 23 07:44:57,Dec 23 07:46:33
107.170.185.212,1,0,0,No,Dec 24 22:14:00,Dec 24 22:14:00
91.184.15.162,2,0,0,No,Dec  3 15:45:36,Dec  3 15:45:37
60.171.124.72,3,0,0,No,Dec 11 20:12:13,Dec 30 18:35:44
37.235.62.156,12,0,0,YES ⚠️,Dec 23 00:29:21,Dec 23 00:29:45
87.118.100.41,2,0,0,No,Dec 10 20:56:08,Dec 10 20:56:09
83.238.108.53,1,0,0,No,Dec 11 04:20:52,Dec 11 04:20:52
87.106.190.244,30,0,0,YES ⚠️,Dec 28 17:02:11,Dec 28 17:03:22
82.165.134.218,1,0,0,No,Dec 11 18:54:05,Dec 11 18:54:05
69.67.53.74,30,0,0,YES ⚠️,Dec 29 18:18:31,Dec 29 18:18:47
183.82.1.229,16,0,0,YES ⚠️,Dec  1 20:19:22,Dec 12 09:39:04
61.19.248.191,2,0,0,No,Dec 11 03:40:13,Dec 11 03:40:15
27.254.44.29,1,0,0,No,Dec 28 06:39:51,Dec 28 06:39:51
1.234.21.115,12,0,0,YES ⚠️,Dec 10 09:43:36,Dec 11 15:50:01
86.59.0.130,3,0,0,No,Dec 12 11:31:31,Dec 12 13:43:28
50.20.168.26,1,0,0,No,Dec 24 22:14:52,Dec 24 22:14:52
82.127.146.154,2,0,0,No,Dec 10 21:59:28,Dec 10 21:59:35
203.124.41.85,1,0,0,No,Dec 12 12:09:49,Dec 12 12:09:49
210.175.127.133,1,0,0,No,Dec 10 23:04:26,Dec 10 23:04:26
140.239.235.139,13,0,0,YES ⚠️,Dec 24 21:16:37,Dec 27 18:31:42
67.226.156.193,21,0,0,YES ⚠️,Dec 25 05:10:55,Dec 25 05:11:26
209.172.55.202,1,0,0,No,Dec 11 04:21:20,Dec 11 04:21:20
93.40.176.169,31,0,0,YES ⚠️,Dec 18 17:55:00,Dec 29 01:14:17
74.208.66.78,13,0,0,YES ⚠️,Dec 11 17:57:37,Dec 19 04:42:13
118.123.240.144,20,0,0,YES ⚠️,Dec  2 16:45:36,Dec 19 12:17:47
122.225.109.99,2,0,0,No,Dec 12 02:29:05,Dec 31 14:57:40
103.28.240.202,1,0,0,No,Dec 11 10:55:42,Dec 11 10:55:42
123.178.235.122,1,0,0,No,Dec 17 23:26:44,Dec 17 23:26:44
62.233.104.90,1,0,0,No,Dec 11 03:10:50,Dec 11 03:10:50
92.54.126.170,1,0,0,No,Dec  7 10:51:07,Dec  7 10:51:07
212.144.118.131,3,0,0,No,Dec 10 11:29:42,Dec 10 11:29:53
84.19.176.50,2,0,0,No,Dec 11 12:36:21,Dec 11 12:36:22
93.152.147.124,1,0,0,No,Dec 22 00:46:05,Dec 22 00:46:05
220.241.19.12,3,0,0,No,Dec 12 08:50:25,Dec 12 08:50:29
122.225.109.126,1,0,0,No,Dec 11 14:20:17,Dec 11 14:20:17
61.47.43.42,2,0,0,No,Dec 10 20:57:28,Dec 10 20:57:33
54.228.181.125,12,0,0,YES ⚠️,Dec 18 15:27:26,Dec 18 15:27:46
41.207.64.16,51,0,0,YES ⚠️,Dec 25 04:06:24,Dec 29 03:40:52
61.174.51.219,2,0,0,No,Dec 20 15:27:38,Dec 30 09:14:22
58.180.14.214,3,0,0,No,Dec 10 23:01:16,Dec 12 10:08:01
216.93.243.138,36,0,0,YES ⚠️,Dec 10 11:14:58,Dec 27 06:07:06
66.207.241.106,1,0,0,No,Dec 16 10:01:40,Dec 16 10:01:40
87.106.167.161,4,0,0,No,Dec  9 22:44:46,Dec  9 22:47:47
61.38.186.152,1,0,0,No,Dec 26 03:37:40,Dec 26 03:37:40
173.93.139.138,1,0,0,No,Dec  7 10:49:56,Dec  7 10:49:56
206.123.56.117,1,0,0,No,Dec 16 10:01:13,Dec 16 10:01:13
125.141.199.225,2,0,0,No,Dec 10 18:06:24,Dec 10 18:06:26
109.169.75.126,3,0,0,No,Dec 10 02:49:14,Dec 10 02:49:16
50.57.143.118,1,0,0,No,Dec 29 13:53:31,Dec 29 13:53:31
92.61.46.180,1,0,0,No,Dec 12 11:13:52,Dec 12 11:13:52
109.63.3.5,1,0,0,No,Dec 27 19:53:03,Dec 27 19:53:03
91.203.69.195,3,0,0,No,Dec  9 20:24:09,Dec  9 20:24:11
219.117.211.253,7,0,0,YES ⚠️,Dec 10 06:57:15,Dec 11 14:44:14
221.231.143.4,25,0,0,YES ⚠️,Dec  9 22:43:01,Dec 23 08:21:46
61.235.147.19,89,0,0,YES ⚠️,Dec 12 06:18:53,Dec 12 06:23:06
87.106.217.16,3,0,0,No,Dec 11 08:37:05,Dec 11 12:36:07
182.253.237.14,1,0,0,No,Dec 30 01:09:31,Dec 30 01:09:31
217.160.224.64,2,0,0,No,Dec 11 05:53:23,Dec 11 05:53:24
84.51.251.131,2,0,0,No,Dec 10 15:31:27,Dec 10 15:31:29
210.166.220.88,3,0,0,No,Dec 10 20:08:58,Dec 10 20:09:03
195.234.171.80,4,0,0,No,Dec 11 08:17:27,Dec 25 18:11:33
62.109.13.39,1,0,0,No,Dec 24 22:14:12,Dec 24 22:14:12
58.215.188.65,4,0,0,No,Dec  9 19:10:11,Dec 11 09:34:12
107.0.105.241,3,0,0,No,Dec 11 23:07:12,Dec 12 04:58:28
211.198.34.17,3,0,0,No,Dec 10 06:21:41,Dec 10 06:21:45
82.165.139.6,30,0,0,YES ⚠️,Dec 29 04:38:43,Dec 29 04:39:31
194.63.140.243,3,0,0,No,Dec 10 01:17:22,Dec 10 01:17:24
95.163.121.234,11,0,0,YES ⚠️,Dec 23 10:31:17,Dec 23 10:38:29
209.90.101.137,22,0,0,YES ⚠️,Dec 10 01:04:16,Dec 30 16:53:00
23.226.131.127,2,0,0,No,Dec 10 19:06:31,Dec 10 19:06:31
175.182.65.73,6,0,0,YES ⚠️,Dec  2 08:36:20,Dec  6 08:27:24
112.140.184.189,2,0,0,No,Dec 10 17:39:49,Dec 10 17:41:18
78.33.14.7,1,0,0,No,Dec 11 04:12:31,Dec 11 04:12:31
202.85.213.203,3,0,0,No,Dec 12 11:21:10,Dec 12 11:21:17
46.61.140.70,30,0,0,YES ⚠️,Dec 28 06:44:47,Dec 28 06:46:35
213.87.105.205,1,0,0,No,Dec 29 13:54:37,Dec 29 13:54:37
93.167.178.118,1,0,0,No,Dec 20 00:21:09,Dec 20 00:21:09
87.106.134.56,1,0,0,No,Dec 11 05:15:33,Dec 11 05:15:33
124.173.144.185,2,0,0,No,Dec 29 12:09:39,Dec 29 12:09:46
82.194.75.76,25,0,0,YES ⚠️,Dec 10 11:42:34,Dec 23 06:15:33
82.165.145.148,1,0,0,No,Dec 11 08:53:21,Dec 11 08:53:21
122.225.109.219,3,0,0,No,Dec 13 23:19:45,Dec 21 12:16:27
91.205.131.81,1,0,0,No,Dec 16 10:01:35,Dec 16 10:01:35
61.177.182.62,1,0,0,No,Dec 12 02:30:32,Dec 12 02:30:32
58.215.176.234,3,0,0,No,Dec 10 22:57:30,Dec 10 22:57:34
87.118.64.227,2,0,0,No,Dec  6 02:12:28,Dec  6 02:12:30
220.196.42.161,1,0,0,No,Dec 12 00:04:37,Dec 12 00:04:37
92.51.247.73,8,0,0,YES ⚠️,Dec  9 18:59:54,Dec 12 11:32:17
174.78.91.202,1,0,0,No,Dec 11 13:08:47,Dec 11 13:08:47
125.75.128.136,1,0,0,No,Dec  4 09:40:40,Dec  4 09:40:40
219.153.15.122,1,0,0,No,Dec 25 13:19:29,Dec 25 13:19:29
64.34.134.21,30,0,0,YES ⚠️,Dec 27 20:49:14,Dec 27 20:49:37
85.214.69.88,2,0,0,No,Dec 11 15:48:38,Dec 11 15:48:39
87.106.31.228,3,0,0,No,Dec  9 19:22:01,Dec  9 19:22:03
210.107.178.76,6,0,0,YES ⚠️,Dec  9 23:41:41,Dec 10 17:56:08
50.56.29.211,4,0,0,No,Dec 12 15:17:29,Dec 12 15:18:18
203.137.29.5,1,0,0,No,Dec 11 10:21:34,Dec 11 10:21:34
210.136.226.85,4,0,0,No,Dec 11 07:21:28,Dec 12 07:19:02
115.178.24.7,2,0,0,No,Dec 11 12:27:45,Dec 11 12:27:47
50.17.231.144,7,0,0,YES ⚠️,Dec 11 06:27:00,Dec 12 12:47:16
202.7.106.194,6,0,0,YES ⚠️,Dec 10 14:12:58,Dec 12 08:07:15
185.19.94.98,2,0,0,No,Dec 10 17:06:19,Dec 11 20:33:46
76.74.254.246,32,0,0,YES ⚠️,Dec 10 18:23:30,Dec 28 09:40:16
87.106.180.108,3,0,0,No,Dec 11 08:39:14,Dec 12 00:27:49
217.170.194.67,30,0,0,YES ⚠️,Dec 26 16:05:21,Dec 26 16:07:35
58.215.188.166,12,0,0,YES ⚠️,Dec 11 08:36:17,Dec 29 19:22:17
122.225.109.117,1,0,0,No,Dec 24 18:29:27,Dec 24 18:29:27
83.234.207.60,4,0,0,No,Dec 10 08:42:27,Dec 10 18:00:26
216.255.247.52,1,0,0,No,Dec 24 22:14:23,Dec 24 22:14:23
175.45.140.14,3,0,0,No,Dec  9 22:51:59,Dec  9 22:52:02
125.65.165.215,1,0,0,No,Dec 11 18:50:07,Dec 11 18:50:07
217.18.208.146,1,0,0,No,Dec 24 22:57:13,Dec 24 22:57:13
62.141.37.20,3,0,0,No,Dec 10 08:50:18,Dec 10 08:50:20
97.89.236.35,1,0,0,No,Dec 16 10:01:09,Dec 16 10:01:09
187.76.80.202,3,0,0,No,Nov 30 19:58:44,Nov 30 19:58:47
211.119.132.70,9,0,0,YES ⚠️,Dec 10 03:21:49,Dec 10 15:23:25
95.56.234.110,2,0,0,No,Dec 10 18:06:31,Dec 10 18:06:33
38.65.128.99,21,0,0,YES ⚠️,Dec 23 22:12:59,Dec 23 22:13:19
222.231.59.90,3,0,0,No,Dec 10 06:20:37,Dec 10 06:20:41
59.79.168.64,1,0,0,No,Dec 11 17:53:52,Dec 11 17:53:52
80.251.18.6,10,0,0,YES ⚠️,Dec 26 10:35:28,Dec 26 14:47:34
37.205.57.117,2,0,0,No,Dec 17 23:52:38,Dec 17 23:52:40
66.240.252.12,12,0,0,YES ⚠️,Dec 18 21:33:26,Dec 18 21:33:43
173.248.28.115,1,0,0,No,Dec 29 13:54:07,Dec 29 13:54:07
98.109.76.36,4,0,0,No,Dec 10 16:29:43,Dec 11 18:20:01
91.102.68.3,2,0,0,No,Dec 11 01:34:34,Dec 11 01:34:34
178.32.157.103,5,0,0,YES ⚠️,Dec 10 17:57:57,Dec 12 06:58:21
218.26.181.230,1,0,0,No,Dec 25 00:19:29,Dec 25 00:19:29
219.144.131.68,3,0,0,No,Dec  9 18:40:28,Dec  9 18:40:33
81.169.181.14,3,0,0,No,Dec  9 18:49:36,Dec  9 18:49:37
109.161.140.127,1,0,0,No,Dec 27 06:44:31,Dec 27 06:44:31
180.211.206.75,3,0,0,No,Dec 11 22:38:15,Dec 11 22:38:22
82.200.168.66,8,0,0,YES ⚠️,Dec  9 18:55:51,Dec 12 05:45:37
68.168.211.22,3,0,0,No,Dec  9 21:15:50,Dec  9 21:15:50
67.240.40.8,1,0,0,No,Dec 21 15:04:55,Dec 21 15:04:55
91.208.152.14,2,0,0,No,Dec  7 22:10:58,Dec  7 22:11:00
87.106.208.156,1,0,0,No,Dec 11 15:26:20,Dec 11 15:26:20
106.120.117.139,2,0,0,No,Dec 11 19:38:21,Dec 11 19:38:27
202.129.175.163,4,0,0,No,Dec 12 05:20:03,Dec 12 05:28:16
70.167.240.234,1,0,0,No,Dec 24 22:14:26,Dec 24 22:14:26
67.18.223.130,37,0,0,YES ⚠️,Dec 18 05:42:46,Dec 23 08:01:01
61.58.35.55,1,0,0,No,Dec 10 23:31:26,Dec 10 23:31:26
85.25.124.175,3,0,0,No,Dec 11 03:26:22,Dec 11 14:33:43
87.106.241.135,3,0,0,No,Dec 10 17:47:56,Dec 11 17:22:05
92.61.46.110,3,0,0,No,Dec 10 05:13:11,Dec 10 05:13:14
82.134.23.174,9,0,0,YES ⚠️,Dec 11 00:24:56,Dec 11 12:33:43
122.225.109.208,2,0,0,No,Nov 30 10:58:27,Dec 14 19:17:48
65.171.196.17,2,0,0,No,Dec 24 03:14:18,Dec 27 11:46:57
221.204.214.87,3,0,0,No,Dec  9 18:34:54,Dec  9 18:34:59
85.10.200.120,1,0,0,No,Dec 11 16:40:12,Dec 11 16:40:12
66.241.183.212,1,0,0,No,Dec 24 22:14:39,Dec 24 22:14:39
50.57.2.28,2,0,0,No,Dec 11 03:03:14,Dec 11 03:21:55
87.106.165.209,2,0,0,No,Dec 18 03:40:28,Dec 18 03:40:30
202.147.193.215,3,0,0,No,Dec  9 19:14:22,Dec  9 19:14:26
211.110.7.243,4,0,0,No,Dec 12 02:50:37,Dec 12 08:20:12
122.225.97.77,1,0,0,No,Dec 23 06:25:51,Dec 23 06:25:51
87.230.22.241,30,0,0,YES ⚠️,Dec 26 07:48:04,Dec 26 07:49:00
87.106.4.104,4,0,0,No,Dec 10 18:29:12,Dec 10 21:04:52
87.106.130.222,2,0,0,No,Dec 10 19:59:56,Dec 10 19:59:57
87.106.129.29,2,0,0,No,Dec 12 10:32:29,Dec 12 10:32:31
93.175.177.53,2,0,0,No,Dec 10 18:35:28,Dec 10 18:35:28
92.61.39.124,3,0,0,No,Dec 10 18:10:15,Dec 12 13:39:36
211.154.164.210,30,0,0,YES ⚠️,Dec 28 22:08:06,Dec 28 22:10:46
82.207.98.112,7,0,0,YES ⚠️,Dec 10 04:20:34,Dec 30 01:01:15
74.113.69.6,33,0,0,YES ⚠️,Dec 10 19:05:50,Dec 28 00:46:35
62.75.222.182,4,0,0,No,Dec 11 15:08:31,Dec 12 02:43:35
221.122.66.45,3,0,0,No,Dec 23 11:57:20,Dec 23 11:57:28
194.63.140.199,32,0,0,YES ⚠️,Dec 10 16:52:52,Dec 29 20:47:45
46.105.153.120,30,0,0,YES ⚠️,Dec 25 11:24:34,Dec 25 11:25:18
213.240.172.219,3,0,0,No,Dec 10 03:55:18,Dec 10 03:55:21
62.157.226.38,21,0,0,YES ⚠️,Dec 24 05:55:01,Dec 24 05:55:42
61.19.248.139,3,0,0,No,Dec  9 19:06:24,Dec  9 19:06:28
211.16.227.43,10,0,0,YES ⚠️,Dec 29 12:26:46,Dec 29 12:27:06
212.152.181.211,1,0,0,No,Dec 11 04:50:06,Dec 11 04:50:06
200.129.46.3,1,0,0,No,Dec 27 08:20:27,Dec 27 08:20:27
177.91.76.16,2,0,0,No,Dec 23 03:02:40,Dec 23 03:02:41
87.106.220.55,5,0,0,YES ⚠️,Dec 10 06:26:19,Dec 11 08:45:21
61.143.236.193,1,0,0,No,Dec  9 12:13:39,Dec  9 12:13:39
107.1.164.186,1,0,0,No,Dec 11 05:03:52,Dec 11 05:03:52
178.140.64.165,1,0,0,No,Dec  7 10:51:04,Dec  7 10:51:04
69.67.31.230,21,0,0,YES ⚠️,Dec 23 03:18:41,Dec 23 03:20:53
174.129.11.108,1,0,0,No,Dec 10 21:15:04,Dec 10 21:15:04
202.142.193.67,1,0,0,No,Dec 10 22:14:04,Dec 10 22:14:04
87.106.130.56,3,0,0,No,Dec  9 19:06:38,Dec  9 19:06:40
89.234.56.179,3,0,0,No,Dec 10 04:26:39,Dec 10 04:26:41
95.0.26.34,1,0,0,No,Dec 11 12:50:46,Dec 11 12:50:46
202.164.210.100,21,0,0,YES ⚠️,Dec 23 01:15:10,Dec 23 01:17:27
92.42.11.43,1,0,0,No,Dec 29 13:53:54,Dec 29 13:53:54
67.205.20.23,269,0,0,YES ⚠️,Dec  1 08:31:05,Dec  1 08:50:16
80.251.18.7,1,0,0,No,Dec 26 15:02:05,Dec 26 15:02:05
61.174.51.200,1,0,0,No,Dec 19 17:05:27,Dec 19 17:05:27
82.165.154.164,4,0,0,No,Dec  9 20:23:51,Dec 10 22:23:21
87.118.108.123,6,0,0,YES ⚠️,Dec 10 00:08:46,Dec 11 08:44:18
58.249.115.30,22,0,0,YES ⚠️,Dec 13 08:14:30,Dec 13 08:17:10
204.151.15.10,14,0,0,YES ⚠️,Dec 17 10:42:02,Dec 17 10:45:06
82.165.150.20,3,0,0,No,Dec 10 08:27:41,Dec 10 08:27:43
62.14.190.90,3,0,0,No,Dec 12 04:36:49,Dec 19 05:06:34
85.214.57.66,2,0,0,No,Dec 10 15:57:35,Dec 10 15:57:36
174.139.59.154,2,0,0,No,Dec 11 19:53:30,Dec 11 19:53:32
219.128.255.38,12,0,0,YES ⚠️,Dec 23 00:16:42,Dec 23 00:17:47
62.193.228.160,2,0,0,No,Dec 11 17:15:10,Dec 11 17:15:10
87.106.217.214,9,0,0,YES ⚠️,Dec  9 20:00:40,Dec 11 03:00:18
91.112.205.226,2,0,0,No,Dec 11 12:16:01,Dec 11 12:16:02
69.60.114.242,21,0,0,YES ⚠️,Dec 23 20:09:01,Dec 23 20:09:10
213.178.58.161,1,0,0,No,Dec 22 00:45:38,Dec 22 00:45:38
27.254.44.36,1,0,0,No,Dec 11 03:15:36,Dec 11 03:15:36
122.225.109.209,2,0,0,No,Dec  9 23:01:21,Dec 10 19:58:04
216.75.55.161,3,0,0,No,Dec  9 21:42:03,Dec  9 21:42:04
203.94.229.152,13,0,0,YES ⚠️,Dec 12 10:58:15,Dec 20 23:25:08
219.247.79.236,1,0,0,No,Dec 10 22:14:24,Dec 10 22:14:24
222.187.198.50,3,0,0,No,Dec 11 00:08:40,Dec 11 00:08:46
61.40.192.52,5,0,0,YES ⚠️,Dec 23 01:46:39,Dec 23 01:46:54
125.253.124.40,3,0,0,No,Dec 10 02:54:45,Dec 10 02:54:50
60.191.38.18,1,0,0,No,Dec 12 00:19:18,Dec 12 00:19:18
174.142.50.169,2,0,0,No,Dec 10 19:40:02,Dec 10 19:40:03
219.144.222.244,5,0,0,YES ⚠️,Dec  9 19:39:26,Dec 12 03:09:52
115.124.111.56,2,0,0,No,Dec 11 02:44:21,Dec 11 02:44:22
87.106.180.210,4,0,0,No,Dec 10 14:10:25,Dec 12 00:27:41
202.203.208.67,3,0,0,No,Dec 12 02:18:17,Dec 12 16:05:17
61.135.137.2,2,0,0,No,Dec 11 03:34:31,Dec 11 03:34:34
67.208.39.157,30,0,0,YES ⚠️,Dec 26 06:46:20,Dec 26 06:46:54
76.74.255.185,30,0,0,YES ⚠️,Dec 30 15:18:46,Dec 30 15:19:59
78.129.223.28,269,0,0,YES ⚠️,Dec 26 02:01:13,Dec 26 02:20:51
123.30.111.104,2,0,0,No,Dec 11 14:00:05,Dec 11 14:00:09
187.12.233.214,2,0,0,No,Dec  5 11:37:09,Dec  5 11:37:17
212.39.90.87,1,0,0,No,Dec 11 09:45:28,Dec 11 09:45:28
94.247.24.107,3,0,0,No,Dec 10 01:46:06,Dec 10 01:46:07
96.245.89.91,1,0,0,No,Dec 29 13:54:13,Dec 29 13:54:13
109.161.176.3,1,0,0,No,Dec 27 10:23:13,Dec 27 10:23:13
213.165.85.31,4,0,0,No,Dec 10 15:43:31,Dec 11 06:01:46
27.254.44.45,17,0,0,YES ⚠️,Dec 12 05:24:41,Dec 29 22:30:24
220.189.211.147,2,0,0,No,Dec 11 23:11:38,Dec 11 23:11:40
60.173.82.156,4,0,0,No,Dec 24 11:52:54,Dec 24 11:53:21
60.210.22.136,3,0,0,No,Dec 12 08:42:05,Dec 27 03:14:58
69.32.224.129,60,0,0,YES ⚠️,Dec 24 23:40:06,Dec 26 04:07:31
217.160.168.237,11,0,0,YES ⚠️,Dec  9 20:05:11,Dec 12 13:04:17
195.225.168.20,22,0,0,YES ⚠️,Dec 23 05:38:06,Dec 26 02:24:54
203.183.230.169,6,0,0,YES ⚠️,Dec 11 00:44:04,Dec 30 03:17:00
203.200.160.213,24,0,0,YES ⚠️,Dec  9 19:39:20,Dec 25 18:00:52
201.191.197.136,33,0,0,YES ⚠️,Dec 11 02:52:03,Dec 30 00:57:34
94.247.176.198,8,0,0,YES ⚠️,Dec 10 18:38:37,Dec 11 06:47:17
62.149.193.112,9,0,0,YES ⚠️,Dec  9 19:38:40,Dec 12 06:43:08
206.34.121.11,5,0,0,YES ⚠️,Dec 12 07:23:51,Dec 23 11:59:47
201.77.127.31,2,0,0,No,Dec  4 04:28:12,Dec  4 04:28:16
218.25.17.234,409,0,0,YES ⚠️,Dec  2 12:23:36,Dec  2 13:22:43
62.28.96.82,1,0,0,No,Dec 11 09:27:17,Dec 11 09:27:17
84.22.181.27,3,0,0,No,Dec  9 22:23:10,Dec  9 22:23:12
14.63.164.193,3,0,0,No,Dec 11 19:35:28,Dec 12 13:39:50
87.106.140.94,9,0,0,YES ⚠️,Dec 10 09:38:16,Dec 12 04:53:22
91.121.70.62,3,0,0,No,Dec  9 19:27:28,Dec  9 19:27:30
62.233.80.139,3,0,0,No,Dec 10 14:59:42,Dec 23 21:23:59
62.141.58.254,3,0,0,No,Dec 10 08:37:12,Dec 10 08:37:14
61.205.69.252,4,0,0,No,Dec 11 15:45:17,Dec 12 02:33:23
87.247.179.190,2,0,0,No,Dec 10 15:59:19,Dec 10 15:59:23
82.165.199.225,3,0,0,No,Dec 23 02:19:20,Dec 23 02:19:29
89.163.199.82,30,0,0,YES ⚠️,Dec 25 01:30:18,Dec 25 01:31:01
58.211.216.43,2,0,0,No,Dec 29 07:41:00,Dec 29 07:41:08
211.25.49.250,20,0,0,YES ⚠️,Dec 10 20:41:00,Dec 20 01:14:23
82.194.76.6,1,0,0,No,Dec 11 22:08:01,Dec 11 22:08:01
202.126.225.174,1,0,0,No,Dec 10 17:07:26,Dec 10 17:07:26
195.154.8.143,10,0,0,YES ⚠️,Dec  3 17:02:15,Dec  3 17:02:27
61.16.175.230,4,0,0,No,Dec  9 20:03:51,Dec 10 08:29:33
67.228.247.210,1,0,0,No,Dec 10 22:21:10,Dec 10 22:21:10
74.208.47.19,3,0,0,No,Dec 11 00:50:37,Dec 11 00:53:08
61.58.35.141,10,0,0,YES ⚠️,Dec 23 09:25:20,Dec 24 04:16:31
23.29.193.207,1,0,0,No,Dec  7 10:50:58,Dec  7 10:50:58
77.236.99.183,42,0,0,YES ⚠️,Dec 23 14:11:46,Dec 23 14:40:56
220.226.22.56,3,0,0,No,Dec  9 21:26:08,Dec  9 21:26:12
68.65.210.102,12,0,0,YES ⚠️,Dec 23 23:52:59,Dec 23 23:53:20
198.143.167.2,64,0,0,YES ⚠️,Dec  2 02:35:23,Dec  2 02:35:52
196.1.52.2,2,0,0,No,Dec 12 10:23:55,Dec 12 10:23:59
85.214.129.193,2,0,0,No,Dec 12 05:26:18,Dec 12 05:26:20
61.174.51.198,2,0,0,No,Dec 20 00:30:40,Dec 31 17:42:21
58.67.159.31,2,0,0,No,Dec 11 02:10:55,Dec 11 02:11:03
89.151.122.44,3,0,0,No,Dec 10 17:13:10,Dec 10 19:38:06
109.228.5.20,2,0,0,No,Dec 11 10:00:01,Dec 11 10:00:02
104.194.11.67,1,0,0,No,Dec  3 11:36:39,Dec  3 11:36:39
66.240.204.137,12,0,0,YES ⚠️,Dec 18 21:30:36,Dec 18 21:31:00
87.106.250.110,3,0,0,No,Dec 12 05:39:52,Dec 12 11:08:01
74.75.245.38,1,0,0,No,Dec 29 13:54:25,Dec 29 13:54:25
203.196.162.162,30,0,0,YES ⚠️,Dec 26 15:48:28,Dec 26 15:50:04
81.8.0.2,4,0,0,No,Dec 10 15:53:42,Dec 10 16:05:32
217.170.14.44,4,0,0,No,Dec 10 01:49:36,Dec 10 22:39:52
213.229.93.229,6,0,0,YES ⚠️,Dec  9 20:36:28,Dec  9 20:41:52
68.184.179.65,2,0,0,No,Dec  7 10:50:10,Dec  7 10:50:35
59.10.155.52,5,0,0,YES ⚠️,Dec  9 20:04:01,Dec 11 01:53:24
62.2.85.57,2,0,0,No,Dec 12 06:08:16,Dec 12 06:08:26
95.110.229.172,2,0,0,No,Dec 11 13:56:42,Dec 11 13:56:43
219.151.40.99,61,0,0,YES ⚠️,Dec 12 01:11:40,Dec 29 11:34:22
62.141.45.165,3,0,0,No,Dec  9 23:38:09,Dec  9 23:38:11
83.103.67.197,1,0,0,No,Dec 10 06:35:23,Dec 10 06:35:23
77.120.32.6,1,0,0,No,Dec 12 00:28:50,Dec 12 00:28:50
85.25.137.52,5,0,0,YES ⚠️,Dec 12 03:07:24,Dec 12 11:35:52
62.149.237.11,4,0,0,No,Dec 12 02:17:22,Dec 12 06:44:38
106.120.78.169,9,0,0,YES ⚠️,Dec  3 00:48:06,Dec  8 02:19:17
149.129.146.247,1,0,0,No,Dec 25 20:14:50,Dec 25 20:14:50
85.17.126.213,3,0,0,No,Dec  9 19:39:06,Dec  9 19:39:08
203.113.9.39,2,0,0,No,Dec 10 19:52:42,Dec 10 19:52:44
220.228.196.38,2,0,0,No,Dec 18 01:02:53,Dec 18 01:02:57
82.194.74.152,3,0,0,No,Dec 11 07:53:20,Dec 11 07:53:22
46.165.249.96,1,0,0,No,Dec  3 05:24:20,Dec  3 05:24:20
1.246.219.50,2,0,0,No,Dec 12 07:03:14,Dec 12 07:03:18
59.57.253.94,2,0,0,No,Dec 25 03:44:26,Dec 25 03:44:36
122.225.97.83,2,0,0,No,Dec 23 14:11:15,Dec 27 05:56:31
87.106.247.35,5,0,0,YES ⚠️,Dec 11 19:40:15,Dec 18 03:59:46
69.26.24.13,12,0,0,YES ⚠️,Dec 23 00:10:01,Dec 23 00:10:23
74.93.28.69,4,0,0,No,Dec 28 22:45:17,Dec 28 22:45:19
94.75.243.21,5,0,0,YES ⚠️,Dec 11 19:08:17,Dec 12 02:49:50
209.189.238.190,3,0,0,No,Dec 10 02:23:15,Dec 10 02:23:16
87.106.52.113,5,0,0,YES ⚠️,Dec 11 08:23:31,Dec 11 19:50:28
89.97.65.105,3,0,0,No,Dec 10 09:30:51,Dec 10 09:31:04
85.17.45.37,2,0,0,No,Dec 11 11:02:05,Dec 11 20:16:27
212.6.60.8,3,0,0,No,Dec  9 21:02:59,Dec  9 21:03:01
62.2.143.180,2,0,0,No,Dec 11 14:44:18,Dec 11 14:44:19
188.255.50.231,1,0,0,No,Dec  7 10:49:51,Dec  7 10:49:51
87.106.242.123,63,0,0,YES ⚠️,Dec 10 02:32:30,Dec 27 21:33:07
54.88.151.47,1,0,0,No,Dec 30 08:36:54,Dec 30 08:36:54
66.29.226.157,2,0,0,No,Dec 11 19:35:05,Dec 11 19:35:06
82.165.151.97,32,0,0,YES ⚠️,Dec  9 22:21:38,Dec 30 16:21:07
66.196.57.222,1,0,0,No,Dec 24 22:14:47,Dec 24 22:14:47
218.77.119.98,3,0,0,No,Dec 10 10:05:31,Dec 10 10:05:47
104.152.188.76,4,0,0,No,Dec  4 08:05:54,Dec  4 08:07:00
122.225.109.212,3,0,0,No,Dec  2 09:00:11,Dec 16 15:32:55
109.228.22.210,3,0,0,No,Dec 10 03:55:22,Dec 10 03:55:24
62.75.141.38,3,0,0,No,Dec  9 19:15:47,Dec  9 19:15:49
122.225.109.122,4,0,0,No,Dec  6 20:47:54,Dec 24 20:10:41
5.228.58.28,1,0,0,No,Dec  7 10:50:21,Dec  7 10:50:21
62.75.148.33,12,0,0,YES ⚠️,Dec 18 10:20:59,Dec 18 10:21:20
130.192.119.163,3,0,0,No,Dec  9 18:45:27,Dec  9 18:45:29
81.169.180.174,2,0,0,No,Dec 11 18:15:40,Dec 11 18:15:41
87.106.132.188,1,0,0,No,Dec  9 22:04:04,Dec  9 22:04:04
61.174.51.232,2,0,0,No,Dec 19 09:07:47,Dec 29 02:55:48
218.90.134.14,34,0,0,YES ⚠️,Dec 23 12:37:40,Dec 26 08:08:59
202.131.74.220,3,0,0,No,Dec 10 07:51:57,Dec 10 07:52:09
211.121.132.64,4,0,0,No,Dec 10 02:55:18,Dec 29 10:48:26
109.63.26.239,1,0,0,No,Dec 27 19:42:30,Dec 27 19:42:30
64.246.108.239,1,0,0,No,Dec 29 13:54:03,Dec 29 13:54:03
81.162.96.105,1,0,0,No,Dec  7 10:49:54,Dec  7 10:49:54
61.134.126.39,1,0,0,No,Dec 17 23:26:49,Dec 17 23:26:49
174.123.211.66,2,0,0,No,Dec 18 07:01:23,Dec 18 07:01:24
189.58.106.82,3,0,0,No,Dec  5 07:45:26,Dec  5 07:45:32
67.205.96.11,1,0,0,No,Dec 11 21:38:09,Dec 11 21:38:09
220.99.93.50,409,0,0,YES ⚠️,Dec  2 05:19:56,Dec  2 08:53:03
122.225.109.217,1,0,0,No,Dec 28 01:40:32,Dec 28 01:40:32
220.128.221.102,5,0,0,YES ⚠️,Dec 10 18:09:03,Dec 12 12:41:32
50.0.113.197,3,0,0,No,Dec 12 00:39:48,Dec 12 08:30:10
175.143.54.193,3,0,0,No,Dec 10 02:57:26,Dec 10 02:57:31
122.225.109.218,3,0,0,No,Dec  6 02:31:52,Dec 24 12:16:29
113.12.202.186,9,0,0,YES ⚠️,Dec 21 22:22:15,Dec 22 15:50:47
78.31.48.220,3,0,0,No,Dec 10 04:01:51,Dec 10 04:01:53
211.115.223.74,1,0,0,No,Dec 12 00:07:25,Dec 12 00:07:25
54.248.125.198,2,0,0,No,Dec 12 06:59:20,Dec 12 06:59:24
96.42.39.165,2,0,0,No,Dec 24 22:14:14,Dec 24 22:14:25
124.74.77.178,9,0,0,YES ⚠️,Dec  9 22:36:27,Dec 28 09:06:46
50.22.79.18,2,0,0,No,Dec 12 06:43:33,Dec 12 06:43:34
202.120.127.142,5,0,0,YES ⚠️,Dec  9 22:43:13,Dec 11 09:26:03
38.98.219.157,2,0,0,No,Dec 17 23:34:04,Dec 17 23:34:05
109.169.49.4,21,0,0,YES ⚠️,Dec 23 16:56:55,Dec 23 16:57:26
136.145.162.204,3,0,0,No,Dec  9 18:31:41,Dec  9 18:31:42
180.214.65.252,3,0,0,No,Dec  9 19:05:21,Dec  9 19:05:25
195.130.155.16,1,0,0,No,Dec 11 04:41:08,Dec 11 04:41:08
117.120.5.152,1,0,0,No,Dec 12 15:57:07,Dec 12 15:57:07
61.93.225.18,3,0,0,No,Dec  9 18:56:25,Dec  9 18:56:28
218.2.0.125,2,0,0,No,Dec 22 23:54:41,Dec 31 18:29:19
87.118.104.200,1,0,0,No,Dec 11 01:15:54,Dec 11 01:15:54
82.80.232.34,6,0,0,YES ⚠️,Dec 10 18:41:54,Dec 12 04:26:48
198.23.247.202,1,0,0,No,Dec 16 10:01:02,Dec 16 10:01:02
111.68.21.72,3,0,0,No,Dec 12 04:54:54,Dec 12 06:23:17
94.247.176.150,1,0,0,No,Dec 11 00:38:32,Dec 11 00:38:32
217.160.224.141,22,0,0,YES ⚠️,Dec 11 01:24:14,Dec 23 13:12:20
31.192.169.181,1,0,0,No,Dec 16 10:01:15,Dec 16 10:01:15
91.199.197.29,1,0,0,No,Dec 24 22:14:29,Dec 24 22:14:29
98.173.235.222,1,0,0,No,Dec 21 15:04:48,Dec 21 15:04:48
212.227.135.124,1,0,0,No,Dec 10 17:47:14,Dec 10 17:47:14
123.30.137.115,30,0,0,YES ⚠️,Dec 26 18:55:05,Dec 26 18:56:53
87.118.118.38,3,0,0,No,Dec 10 11:51:06,Dec 10 11:51:07
203.116.173.245,59,0,0,YES ⚠️,Dec 11 15:35:02,Dec 29 01:22:18
211.137.179.236,28,0,0,YES ⚠️,Dec 10 11:39:07,Dec 25 02:37:25
94.92.151.154,2,0,0,No,Dec 30 16:44:09,Dec 30 16:44:20
211.75.103.213,2,0,0,No,Dec 11 17:45:11,Dec 11 17:45:21
87.106.219.6,3,0,0,No,Dec  9 18:24:40,Dec  9 18:24:42
82.194.72.90,3,0,0,No,Dec 10 08:39:01,Dec 10 08:39:03
107.6.90.82,1,0,0,No,Dec 24 05:05:47,Dec 24 05:05:47
82.98.168.5,3,0,0,No,Dec  9 22:22:53,Dec  9 22:22:55
85.95.227.153,2,0,0,No,Dec 11 11:44:32,Dec 11 11:44:34
213.141.132.157,1,0,0,No,Dec 10 22:24:53,Dec 10 22:24:53
123.215.198.245,1,0,0,No,Dec 11 22:04:26,Dec 11 22:04:26
122.225.109.101,3,0,0,No,Dec  6 04:41:39,Dec 13 01:53:01
122.225.109.120,1,0,0,No,Dec 31 16:27:57,Dec 31 16:27:57
123.57.51.31,360,0,0,YES ⚠️,Dec  5 05:01:45,Dec  5 05:29:51
86.122.180.2,5,0,0,YES ⚠️,Dec 10 05:44:51,Dec 10 15:58:41
210.3.64.3,4,0,0,No,Dec 11 19:21:19,Dec 11 20:00:14
87.106.140.29,1,0,0,No,Dec 11 09:30:58,Dec 11 09:30:58
91.135.238.186,63,0,0,YES ⚠️,Dec 10 15:09:09,Dec 26 04:59:59
194.219.29.195,2,0,0,No,Dec 11 06:53:42,Dec 11 06:53:43
58.215.187.23,30,0,0,YES ⚠️,Dec 27 00:56:09,Dec 27 00:58:22
177.54.144.57,4,0,0,No,Dec  8 08:15:55,Dec  8 08:16:25
122.225.109.110,4,0,0,No,Dec 23 05:53:20,Dec 30 20:48:12
80.93.90.39,2,0,0,No,Dec  3 14:48:43,Dec  3 14:48:44
23.21.248.240,2,0,0,No,Dec 10 18:40:07,Dec 10 18:40:07
132.248.183.20,1,0,0,No,Dec 10 17:49:36,Dec 10 17:49:36
83.169.47.52,4,0,0,No,Dec 11 01:10:28,Dec 12 07:57:29
221.204.214.85,2,0,0,No,Dec 27 19:35:41,Dec 27 19:35:45
61.156.14.204,20,0,0,YES ⚠️,Dec 24 16:29:48,Dec 24 16:31:04
37.53.69.177,2,0,0,No,Dec 26 22:08:46,Dec 26 22:08:57
59.46.32.75,2,0,0,No,Dec 11 12:41:36,Dec 11 12:41:39
211.112.36.116,3,0,0,No,Dec 11 03:20:17,Dec 11 03:20:21
85.255.193.216,1,0,0,No,Dec 12 10:58:40,Dec 12 10:58:40
180.210.207.171,3,0,0,No,Dec 10 04:53:59,Dec 10 04:54:03
180.210.205.66,3,0,0,No,Dec 10 01:41:37,Dec 10 01:41:41
87.118.120.17,4,0,0,No,Dec 10 22:49:42,Dec 11 21:03:06
62.255.174.98,35,0,0,YES ⚠️,Dec  9 20:21:18,Dec 25 03:50:04
175.143.5.22,2,0,0,No,Dec 11 17:11:20,Dec 11 17:11:23
82.165.139.87,5,0,0,YES ⚠️,Dec 11 00:58:07,Dec 12 07:01:50
88.86.186.140,3,0,0,No,Dec 11 02:14:27,Dec 12 02:08:07
62.103.152.104,5,0,0,YES ⚠️,Dec 10 02:12:43,Dec 12 11:43:56
74.208.47.226,6,0,0,YES ⚠️,Dec  9 20:34:58,Dec  9 20:35:12
185.19.94.207,14,0,0,YES ⚠️,Dec 10 19:01:04,Dec 22 23:17:11
122.225.109.200,1,0,0,No,Dec 15 00:19:06,Dec 15 00:19:06
60.206.40.81,10,0,0,YES ⚠️,Dec 24 02:53:51,Dec 24 02:54:45
87.106.69.85,3,0,0,No,Dec 10 16:43:11,Dec 11 03:00:56
188.138.90.121,3,0,0,No,Dec 11 18:28:19,Dec 11 18:28:20
180.222.189.203,3,0,0,No,Dec  9 17:59:00,Dec  9 17:59:03
71.179.168.28,5,0,0,YES ⚠️,Dec 10 17:39:22,Dec 12 06:57:41
69.70.207.62,24,0,0,YES ⚠️,Dec 19 09:47:15,Dec 19 10:26:36
76.163.25.94,8,0,0,YES ⚠️,Dec 10 04:02:11,Dec 11 23:56:07
27.254.67.139,2,0,0,No,Dec 10 14:00:52,Dec 10 14:01:01
87.106.251.233,3,0,0,No,Dec 10 15:02:05,Dec 10 15:02:07
222.87.19.131,35,0,0,YES ⚠️,Dec 10 07:14:53,Dec 24 13:47:49
40.130.47.22,1,0,0,No,Dec  7 10:50:37,Dec  7 10:50:37
220.117.218.148,2,0,0,No,Dec 11 19:11:01,Dec 11 19:11:04
109.161.154.57,1,0,0,No,Dec 27 19:42:30,Dec 27 19:42:30
216.57.165.217,1,0,0,No,Dec 29 13:54:20,Dec 29 13:54:20
65.75.116.172,1,0,0,No,Dec 22 00:45:32,Dec 22 00:45:32
129.13.192.27,5,0,0,YES ⚠️,Dec 10 12:48:34,Dec 12 08:46:03
85.25.195.189,32,0,0,YES ⚠️,Dec 10 06:01:07,Dec 23 06:16:34
87.106.241.223,8,0,0,YES ⚠️,Dec 10 01:39:06,Dec 12 01:23:05
211.125.65.64,32,0,0,YES ⚠️,Dec 11 01:43:23,Dec 29 16:55:46
92.51.146.218,30,0,0,YES ⚠️,Dec 25 15:23:54,Dec 25 15:25:17
168.143.160.147,4,0,0,No,Dec 11 14:44:15,Dec 12 03:42:06
210.253.139.38,2,0,0,No,Dec 10 20:23:21,Dec 10 20:23:24
110.36.188.239,1,0,0,No,Dec 26 23:16:59,Dec 26 23:16:59
122.225.109.203,3,0,0,No,Dec  6 11:38:18,Dec 20 15:28:31
220.219.14.187,3,0,0,No,Dec 10 05:45:32,Dec 10 05:45:36
74.119.73.123,3,0,0,No,Dec  9 23:13:23,Dec  9 23:13:24
66.240.252.49,21,0,0,YES ⚠️,Dec 23 10:00:27,Dec 23 10:01:09
87.106.59.214,3,0,0,No,Dec 11 10:06:02,Dec 11 10:53:56
193.104.41.53,1,0,0,No,Dec 13 21:32:43,Dec 13 21:32:43
220.231.188.89,3,0,0,No,Dec 10 21:15:29,Dec 10 21:15:34
60.48.145.90,3,0,0,No,Dec 18 14:16:41,Dec 27 01:11:24
202.71.103.169,3,0,0,No,Dec 10 19:00:56,Dec 10 19:01:01
87.139.39.29,1,0,0,No,Dec 10 22:34:25,Dec 10 22:34:25
41.73.210.10,2,0,0,No,Dec  8 06:56:42,Dec  8 06:56:47
87.106.211.39,6,0,0,YES ⚠️,Dec 10 09:02:24,Dec 27 02:49:44
211.72.198.126,2,0,0,No,Dec 10 00:01:01,Dec 10 00:01:09
87.252.5.48,2,0,0,No,Dec 11 19:19:48,Dec 11 19:19:49
87.106.222.147,1,0,0,No,Dec 12 01:53:39,Dec 12 01:53:39
207.230.144.211,1,0,0,No,Dec 23 02:25:08,Dec 23 02:25:08
203.183.110.188,6,0,0,YES ⚠️,Dec  9 18:11:49,Dec 10 05:47:46
122.225.97.98,1,0,0,No,Dec 24 02:12:59,Dec 24 02:12:59
59.152.205.215,3,0,0,No,Dec 10 19:11:20,Dec 12 11:55:23
74.95.24.49,3,0,0,No,Dec 11 21:08:40,Dec 11 21:08:41
109.63.100.49,1,0,0,No,Dec 26 23:02:51,Dec 26 23:02:51
61.74.61.250,2,0,0,No,Dec 12 06:56:55,Dec 12 06:56:58
58.215.140.84,1,0,0,No,Dec 12 01:21:00,Dec 12 01:21:00
74.50.5.205,2,0,0,No,Dec  3 12:31:48,Dec  3 12:31:49
222.184.126.58,4,0,0,No,Dec 11 23:39:20,Dec 18 00:50:12
202.147.193.216,1,0,0,No,Dec 11 21:49:34,Dec 11 21:49:34
82.222.9.122,4,0,0,No,Dec 10 15:46:31,Dec 11 19:44:00
149.129.54.178,1,0,0,No,Dec 21 15:04:59,Dec 21 15:04:59
209.239.114.179,4,0,0,No,Dec 10 10:16:11,Dec 11 03:37:47
64.34.174.149,12,0,0,YES ⚠️,Dec 18 16:07:36,Dec 18 16:07:40
92.42.12.114,1,0,0,No,Dec 29 13:54:27,Dec 29 13:54:27
71.41.16.68,5,0,0,YES ⚠️,Dec 11 12:21:44,Dec 12 11:22:33
202.152.178.201,6,0,0,YES ⚠️,Dec 10 20:34:29,Dec 11 03:58:49
62.255.174.119,21,0,0,YES ⚠️,Dec 23 12:31:51,Dec 23 12:32:14
87.106.63.56,1,0,0,No,Dec 12 01:29:29,Dec 12 01:29:29
120.198.156.138,92,0,0,YES ⚠️,Dec 25 01:04:21,Dec 31 21:12:11
60.32.188.90,2,0,0,No,Dec 11 23:46:40,Dec 11 23:46:41
109.161.224.135,1,0,0,No,Dec 27 18:27:31,Dec 27 18:27:31
221.192.142.24,3,0,0,No,Dec  3 12:08:46,Dec  3 12:08:53
85.95.252.98,2,0,0,No,Dec 12 14:11:48,Dec 12 14:11:51
4.30.53.45,2,0,0,No,Dec 29 13:54:05,Dec 29 13:54:18
95.173.185.166,3,0,0,No,Dec 10 03:48:09,Dec 10 03:48:11
68.5.109.188,20,0,0,YES ⚠️,Dec 27 11:14:15,Dec 28 23:29:22
87.106.216.28,3,0,0,No,Dec 10 18:51:16,Dec 11 17:56:14
96.57.103.21,1,0,0,No,Dec 12 11:38:07,Dec 12 11:38:07
149.129.19.147,1,0,0,No,Dec 22 00:46:07,Dec 22 00:46:07
221.208.245.210,31,0,0,YES ⚠️,Nov 30 23:58:44,Dec 13 16:22:26
109.63.52.231,1,0,0,No,Dec 27 09:33:39,Dec 27 09:33:39
67.191.161.28,1,0,0,No,Dec 29 13:54:43,Dec 29 13:54:43
210.116.70.32,2,0,0,No,Dec 10 16:46:16,Dec 10 16:46:20
202.10.78.211,5,0,0,YES ⚠️,Dec 10 04:47:07,Dec 11 09:05:57
123.30.137.116,35,0,0,YES ⚠️,Dec 10 07:43:15,Dec 30 07:36:30
182.92.215.164,3,0,0,No,Dec  3 01:20:26,Dec  3 01:20:31
74.79.230.104,2,0,0,No,Dec 11 03:46:20,Dec 11 03:46:21
91.121.77.77,3,0,0,No,Dec 10 06:41:24,Dec 10 06:41:26
91.184.23.73,2,0,0,No,Dec  3 15:37:20,Dec  3 15:37:21
87.106.87.40,4,0,0,No,Dec 11 11:18:51,Dec 11 11:19:27
113.161.0.114,14,0,0,YES ⚠️,Dec 20 14:10:59,Dec 20 14:13:23
85.25.34.119,3,0,0,No,Dec 10 04:32:15,Dec 10 04:32:16
66.41.253.188,12,0,0,YES ⚠️,Dec 23 00:45:44,Dec 23 00:49:15
209.54.51.198,2,0,0,No,Dec 10 20:41:55,Dec 10 20:41:56
106.242.31.114,4,0,0,No,Dec 10 18:21:08,Dec 10 19:07:00
203.112.195.21,33,0,0,YES ⚠️,Dec 11 20:13:58,Dec 30 17:56:37
87.106.50.214,54,0,0,YES ⚠️,Dec 12 07:22:04,Dec 31 20:40:50
61.128.122.76,2,0,0,No,Dec 10 19:29:28,Dec 10 19:29:30
74.52.177.182,12,0,0,YES ⚠️,Dec 19 14:30:56,Dec 19 14:31:14
66.109.30.133,1,0,0,No,Dec 16 10:01:46,Dec 16 10:01:46
87.106.213.90,2,0,0,No,Dec 11 00:36:04,Dec 11 00:36:06
202.207.240.35,23,0,0,YES ⚠️,Dec 11 17:46:18,Dec 25 00:20:12
122.225.97.90,1,0,0,No,Dec 21 00:35:15,Dec 21 00:35:15
180.147.251.114,6,0,0,YES ⚠️,Dec 10 09:18:36,Dec 11 02:06:35
128.164.158.64,1,0,0,No,Dec 16 10:01:45,Dec 16 10:01:45
122.225.109.202,2,0,0,No,Dec  3 20:07:15,Dec 28 10:57:13
87.106.247.67,4,0,0,No,Dec 12 01:48:09,Dec 12 09:06:39
59.25.178.4,1,0,0,No,Dec 10 21:09:29,Dec 10 21:09:29
92.249.66.12,1,0,0,No,Dec 21 15:05:23,Dec 21 15:05:23
58.64.171.190,33,0,0,YES ⚠️,Dec 10 15:42:00,Dec 28 18:05:59
61.58.39.72,2,0,0,No,Dec 12 13:12:42,Dec 12 13:12:44
122.225.109.105,2,0,0,No,Dec 23 12:11:29,Dec 31 17:31:30
37.110.43.104,1,0,0,No,Dec  7 10:49:52,Dec  7 10:49:52
50.180.233.168,3,0,0,No,Dec  6 21:47:47,Dec  6 21:47:56
87.106.3.208,5,0,0,YES ⚠️,Dec 10 15:03:45,Dec 18 02:21:54
217.13.86.240,5,0,0,YES ⚠️,Dec 10 17:07:10,Dec 10 18:54:11
94.21.192.222,5,0,0,YES ⚠️,Dec 11 13:03:14,Dec 12 07:06:01
218.77.121.69,13,0,0,YES ⚠️,Dec 23 02:41:39,Dec 23 02:42:58
217.7.5.28,2,0,0,No,Dec 18 06:41:25,Dec 18 06:41:28
125.69.80.32,8,0,0,YES ⚠️,Dec 12 03:04:05,Dec 26 03:53:41
74.197.122.152,1,0,0,No,Dec 29 13:54:09,Dec 29 13:54:09
222.197.192.66,4,0,0,No,Dec 10 19:03:03,Dec 12 09:03:38
109.63.101.43,1,0,0,No,Dec 27 05:24:31,Dec 27 05:24:31
122.225.109.214,3,0,0,No,Dec  1 23:01:36,Dec 24 21:19:12
27.112.106.30,3,0,0,No,Dec 10 00:06:32,Dec 10 00:06:35
122.225.109.100,2,0,0,No,Dec  6 07:52:31,Dec 29 05:29:23
81.8.0.22,8,0,0,YES ⚠️,Dec 10 14:56:17,Dec 18 07:28:00
202.119.236.18,5,0,0,YES ⚠️,Dec 11 13:12:22,Dec 12 15:17:33
62.233.100.91,2,0,0,No,Dec 28 07:16:49,Dec 28 07:16:50
122.225.103.121,3,0,0,No,Dec  7 02:24:40,Dec 12 03:00:08
166.62.222.171,1,0,0,No,Dec  7 10:50:11,Dec  7 10:50:11
27.135.97.27,2,0,0,No,Dec 23 14:38:18,Dec 23 14:38:23
98.130.222.45,29,0,0,YES ⚠️,Dec 10 18:25:43,Dec 31 05:07:24
218.26.11.118,107,0,0,YES ⚠️,Nov 30 17:47:52,Dec 24 01:23:24
103.19.85.150,1,0,0,No,Dec 11 21:52:25,Dec 11 21:52:25
203.142.66.242,4,0,0,No,Dec 12 07:48:24,Dec 29 18:15:53
177.129.131.162,1,0,0,No,Dec 27 07:20:15,Dec 27 07:20:15
184.164.96.217,1,0,0,No,Dec 24 22:14:37,Dec 24 22:14:37
59.152.205.216,36,0,0,YES ⚠️,Dec  9 18:18:51,Dec 23 08:19:56
193.104.41.56,7,0,0,YES ⚠️,Dec  3 01:29:14,Dec  3 20:16:13
210.14.133.144,2,0,0,No,Dec 11 03:33:14,Dec 11 03:33:16
212.8.105.27,4,0,0,No,Dec 28 17:42:55,Dec 28 17:43:16
174.132.121.226,2,0,0,No,Dec  5 02:32:41,Dec  5 02:32:42
122.225.97.94,1,0,0,No,Dec 21 16:19:10,Dec 21 16:19:10
173.224.112.170,3,0,0,No,Dec 10 12:44:30,Dec 10 12:44:30
80.14.252.169,1,0,0,No,Dec 27 16:22:32,Dec 27 16:22:32
218.2.0.129,1,0,0,No,Dec 26 19:31:43,Dec 26 19:31:43
87.118.120.216,3,0,0,No,Dec  9 23:21:39,Dec  9 23:21:41
178.77.100.14,1,0,0,No,Dec 11 17:46:44,Dec 11 17:46:44
37.204.11.5,2,0,0,No,Dec  7 10:49:46,Dec  7 10:50:23
122.225.109.194,5,0,0,YES ⚠️,Dec  2 16:26:29,Dec 21 01:14:22
109.63.91.120,1,0,0,No,Dec 26 22:29:46,Dec 26 22:29:46
83.155.220.142,3,0,0,No,Dec 10 12:13:57,Dec 10 12:14:07
203.162.70.83,2,0,0,No,Dec 11 17:08:22,Dec 11 17:08:25
87.230.79.253,2,0,0,No,Dec 18 05:26:25,Dec 18 05:26:27
222.124.185.197,4,0,0,No,Dec  9 20:27:06,Dec 25 04:38:50
201.48.158.12,30,0,0,YES ⚠️,Dec 30 18:51:09,Dec 30 18:52:36
84.19.188.26,3,0,0,No,Dec  9 19:00:38,Dec  9 19:00:39
117.20.11.143,30,0,0,YES ⚠️,Dec 29 22:25:56,Dec 29 22:27:42
180.37.183.217,3,0,0,No,Dec 10 00:32:18,Dec 10 00:32:21
122.225.109.107,3,0,0,No,Dec  6 07:01:23,Dec 16 07:44:43
87.118.118.76,3,0,0,No,Dec 10 05:53:55,Dec 10 05:53:57
91.135.226.34,144,0,0,YES ⚠️,Dec 10 18:19:17,Dec 29 11:34:23
76.102.40.118,1,0,0,No,Dec 16 10:00:53,Dec 16 10:00:53
58.206.126.28,5,0,0,YES ⚠️,Dec 10 15:56:55,Dec 12 11:21:02
42.62.29.55,5,0,0,YES ⚠️,Dec 10 13:34:51,Dec 11 06:56:26
211.154.139.196,6,0,0,YES ⚠️,Dec  9 23:55:04,Dec 12 07:07:32
87.106.251.42,12,0,0,YES ⚠️,Dec 18 09:11:43,Dec 18 09:12:07
50.0.113.214,3,0,0,No,Dec  9 23:21:57,Dec  9 23:21:58
202.171.153.117,2,0,0,No,Dec 10 19:58:38,Dec 10 19:58:40
78.31.65.16,21,0,0,YES ⚠️,Dec 23 01:30:31,Dec 23 01:31:01
189.11.199.164,6,0,0,YES ⚠️,Dec 10 03:31:24,Dec 11 01:08:34
140.119.9.31,6,0,0,YES ⚠️,Dec  9 19:36:22,Dec 10 15:36:16
88.131.111.212,16,0,0,YES ⚠️,Dec 27 04:31:17,Dec 27 04:32:14
85.95.246.191,3,0,0,No,Dec 10 00:12:49,Dec 10 00:12:53
95.191.254.226,1,0,0,No,Dec 24 22:14:20,Dec 24 22:14:20
202.66.37.248,3,0,0,No,Dec  9 18:28:50,Dec  9 18:28:54
87.106.241.36,3,0,0,No,Dec 11 18:30:24,Dec 12 12:05:46
146.185.13.225,1,0,0,No,Dec 24 22:14:07,Dec 24 22:14:07
87.247.179.187,4,0,0,No,Dec 10 16:11:07,Dec 11 19:48:53
101.64.236.146,1,0,0,No,Dec  1 02:36:05,Dec  1 02:36:05
80.86.83.82,4,0,0,No,Dec 10 16:48:38,Dec 10 18:03:37
68.116.62.75,5,0,0,YES ⚠️,Dec 10 13:16:13,Dec 10 18:39:36
211.129.208.67,3,0,0,No,Dec 11 07:26:23,Dec 11 07:26:26
212.141.54.156,21,0,0,YES ⚠️,Dec 23 20:54:25,Dec 23 20:54:51
109.161.253.178,1,0,0,No,Dec 27 09:26:36,Dec 27 09:26:36
211.152.48.108,2,0,0,No,Dec 11 20:06:21,Dec 11 20:06:23
27.254.67.156,1,0,0,No,Dec 27 21:50:39,Dec 27 21:50:39
62.75.142.56,9,0,0,YES ⚠️,Dec  9 20:06:10,Dec 11 14:25:59
211.180.248.167,60,0,0,YES ⚠️,Dec 27 20:18:31,Dec 31 07:59:18
222.33.200.212,4,0,0,No,Dec 10 08:11:34,Dec 12 06:26:57
122.225.109.104,2,0,0,No,Dec  2 02:02:08,Dec 18 07:39:20
58.64.150.250,2,0,0,No,Dec 11 13:53:28,Dec 11 13:53:30
91.116.137.212,4,0,0,No,Dec 11 23:14:50,Dec 12 04:14:44
87.106.214.94,5,0,0,YES ⚠️,Dec 10 03:10:45,Dec 12 05:19:21
207.188.93.162,3,0,0,No,Dec 10 03:44:05,Dec 10 03:44:09
188.32.2.27,1,0,0,No,Dec  7 10:49:58,Dec  7 10:49:58
67.221.193.36,1,0,0,No,Dec 16 10:01:44,Dec 16 10:01:44
86.109.105.43,2,0,0,No,Dec 11 00:34:53,Dec 11 00:34:55
87.230.22.69,3,0,0,No,Dec  9 22:16:58,Dec  9 22:17:01
202.120.115.10,21,0,0,YES ⚠️,Dec 24 01:10:27,Dec 24 01:11:31
109.63.78.162,1,0,0,No,Dec 26 19:27:35,Dec 26 19:27:35
210.143.144.87,31,0,0,YES ⚠️,Dec 11 02:58:41,Dec 28 08:02:10
92.127.229.59,1,0,0,No,Dec  7 10:50:16,Dec  7 10:50:16
49.128.51.23,30,0,0,YES ⚠️,Dec 28 19:46:43,Dec 28 19:48:25
87.230.25.179,1,0,0,No,Dec 10 17:14:49,Dec 10 17:14:49
203.128.243.10,1,0,0,No,Dec 10 05:47:48,Dec 10 05:47:48
78.90.110.205,7,0,0,YES ⚠️,Dec 10 10:48:24,Dec 11 20:17:46
66.155.19.143,3,0,0,No,Dec 10 05:58:20,Dec 10 05:58:21
66.186.230.37,1,0,0,No,Dec 25 20:14:47,Dec 25 20:14:47
64.130.140.145,1,0,0,No,Dec 24 22:14:33,Dec 24 22:14:33
87.118.100.86,3,0,0,No,Dec 11 22:37:37,Dec 11 22:37:39
202.123.179.226,5,0,0,YES ⚠️,Dec 12 00:45:58,Dec 25 02:42:55
62.233.82.64,2,0,0,No,Dec 24 15:45:38,Dec 25 09:06:14
67.208.33.130,1,0,0,No,Dec 23 06:05:33,Dec 23 06:05:33
192.208.179.82,4,0,0,No,Dec  1 04:31:21,Dec  1 23:05:20
87.106.209.22,3,0,0,No,Dec 10 03:57:30,Dec 10 03:57:32
46.20.3.134,21,0,0,YES ⚠️,Dec 23 20:58:35,Dec 23 20:59:07
91.93.46.81,1,0,0,No,Dec 11 09:38:19,Dec 11 09:38:19
149.129.191.60,1,0,0,No,Dec 21 15:04:52,Dec 21 15:04:52
79.125.106.201,1,0,0,No,Dec 12 04:29:55,Dec 12 04:29:55
69.64.34.208,30,0,0,YES ⚠️,Dec 26 14:08:55,Dec 26 14:09:11
117.245.47.217,1,0,0,No,Dec 27 16:55:10,Dec 27 16:55:10
62.128.149.97,3,0,0,No,Dec  9 23:08:55,Dec  9 23:08:56
99.68.7.20,1,0,0,No,Dec  9 18:43:37,Dec  9 18:43:37
87.106.145.84,3,0,0,No,Dec  9 19:39:03,Dec  9 19:39:05
5.228.161.239,1,0,0,No,Dec 16 10:00:59,Dec 16 10:00:59
62.75.251.60,30,0,0,YES ⚠️,Dec 29 00:24:00,Dec 29 00:24:41
202.201.160.9,1,0,0,No,Dec 10 22:36:43,Dec 10 22:36:43
175.107.137.37,1,0,0,No,Dec 10 17:32:44,Dec 10 17:32:44
221.163.252.76,18,0,0,YES ⚠️,Dec 10 07:20:58,Dec 28 03:14:56
186.215.212.158,3,0,0,No,Dec  5 04:29:27,Dec  5 04:29:31
94.31.155.83,1,0,0,No,Dec 16 10:01:17,Dec 16 10:01:17
213.82.56.66,1,0,0,No,Dec 12 02:21:59,Dec 12 02:21:59
92.42.38.237,6,0,0,YES ⚠️,Dec 10 01:14:43,Dec 10 01:15:54
220.127.174.77,4,0,0,No,Dec 26 02:00:58,Dec 26 02:01:10
108.63.28.45,141,0,0,YES ⚠️,Dec 23 20:46:15,Dec 29 20:08:30
95.130.170.231,33,0,0,YES ⚠️,Dec 11 09:20:57,Dec 24 14:46:55
200.106.147.192,8,0,0,YES ⚠️,Dec 10 17:21:55,Dec 30 14:07:29
223.203.217.202,3,0,0,No,Dec 10 10:24:17,Dec 10 10:24:30
50.17.200.174,6,0,0,YES ⚠️,Dec  9 19:54:56,Dec 10 00:45:05
82.194.87.176,2,0,0,No,Dec 10 19:06:48,Dec 10 19:06:49
58.215.185.8,5,0,0,YES ⚠️,Dec 10 05:18:18,Dec 10 19:17:28
123.127.36.162,26,0,0,YES ⚠️,Dec  2 16:21:00,Dec  3 03:38:42
66.84.12.153,3,0,0,No,Dec 10 11:39:28,Dec 10 11:39:29
109.63.90.49,1,0,0,No,Dec 27 12:08:58,Dec 27 12:08:58
58.206.126.29,33,0,0,YES ⚠️,Dec 10 17:36:49,Dec 30 18:21:10
87.106.240.120,30,0,0,YES ⚠️,Dec 27 20:14:43,Dec 27 20:15:32
85.214.120.98,2,0,0,No,Dec 11 08:45:15,Dec 12 11:13:50
85.218.16.54,4,0,0,No,Dec 12 02:40:46,Dec 12 12:55:48
49.236.204.181,21,0,0,YES ⚠️,Dec 26 06:35:51,Dec 26 06:37:09
61.31.195.230,3,0,0,No,Dec 11 23:35:59,Dec 18 06:32:46
27.254.67.135,2,0,0,No,Dec 28 09:49:26,Dec 28 09:49:32
173.192.158.3,303,0,0,YES ⚠️,Dec  2 04:12:40,Dec  2 04:17:19
66.115.201.2,30,0,0,YES ⚠️,Dec 28 20:03:44,Dec 28 20:04:12
78.141.179.254,2,0,0,No,Dec 11 11:16:04,Dec 11 11:16:05
122.225.103.74,1,0,0,No,Dec 21 07:11:15,Dec 21 07:11:15
64.130.137.195,1,0,0,No,Dec 24 22:14:44,Dec 24 22:14:44
87.230.22.39,1,0,0,No,Dec 10 16:07:35,Dec 10 16:07:35
31.162.178.167,1,0,0,No,Dec  7 10:50:14,Dec  7 10:50:14
59.53.94.9,1,0,0,No,Dec 18 20:19:46,Dec 18 20:19:46
218.2.0.133,1,0,0,No,Dec 31 22:27:48,Dec 31 22:27:48
220.90.18.106,3,0,0,No,Dec  9 21:07:39,Dec  9 21:07:43
211.100.28.177,3,0,0,No,Dec 27 22:12:30,Dec 27 22:12:37
103.21.218.221,15,0,0,YES ⚠️,Dec 23 00:58:20,Dec 23 01:00:08
70.88.79.249,1,0,0,No,Dec 12 04:16:52,Dec 12 04:16:52
85.25.109.205,2,0,0,No,Dec 10 16:52:09,Dec 10 16:52:11
87.106.180.8,3,0,0,No,Dec  9 20:43:06,Dec  9 20:43:07
58.215.187.19,1,0,0,No,Dec 11 08:06:58,Dec 11 08:06:58
208.185.189.104,1,0,0,No,Dec  7 10:51:09,Dec  7 10:51:09
103.13.120.108,7,0,0,YES ⚠️,Dec 10 03:49:24,Dec 10 21:01:56
95.69.254.30,12,0,0,YES ⚠️,Dec 18 18:43:17,Dec 18 18:43:30
61.152.91.20,1,0,0,No,Dec 12 00:21:34,Dec 12 00:21:34
61.92.87.234,1,0,0,No,Dec 30 08:23:11,Dec 30 08:23:11
87.106.1.211,2,0,0,No,Dec 18 01:29:34,Dec 18 01:29:37
109.173.2.187,1,0,0,No,Dec 29 13:54:22,Dec 29 13:54:22
122.225.109.195,3,0,0,No,Dec 13 16:44:02,Dec 20 04:23:01
37.204.180.52,1,0,0,No,Dec  7 10:50:28,Dec  7 10:50:28
84.72.50.101,1,0,0,No,Dec 21 15:05:18,Dec 21 15:05:18
61.28.116.139,9,0,0,YES ⚠️,Dec 21 14:10:56,Dec 21 14:14:58
75.148.216.82,4,0,0,No,Dec 10 18:45:41,Dec 11 15:14:16
166.142.92.240,1,0,0,No,Dec  7 10:50:26,Dec  7 10:50:26
184.20.4.37,1,0,0,No,Dec 29 13:53:50,Dec 29 13:53:50
91.215.180.177,10,0,0,YES ⚠️,Dec 10 02:36:51,Dec 11 09:40:56
31.210.42.34,34,0,0,YES ⚠️,Dec 10 20:23:05,Dec 28 13:21:15
82.165.135.111,22,0,0,YES ⚠️,Dec 11 09:06:48,Dec 23 02:15:33
74.62.217.226,63,0,0,YES ⚠️,Dec 11 09:24:26,Dec 28 18:29:36
87.106.250.65,24,0,0,YES ⚠️,Dec 10 03:38:13,Dec 30 08:02:37
122.225.109.204,3,0,0,No,Dec  6 13:48:31,Dec 18 05:55:52
82.165.139.81,2,0,0,No,Dec 11 16:48:21,Dec 11 16:48:23
87.106.63.89,2,0,0,No,Dec 10 17:26:00,Dec 11 03:16:43
180.210.234.87,34,0,0,YES ⚠️,Dec  1 01:04:03,Dec 11 21:55:08
27.112.106.74,3,0,0,No,Dec  9 21:20:13,Dec  9 21:20:15
74.84.131.93,30,0,0,YES ⚠️,Dec 30 22:29:20,Dec 30 22:30:27
213.108.203.178,3,0,0,No,Dec 11 04:05:15,Dec 11 04:05:17
123.127.36.189,13,0,0,YES ⚠️,Dec 10 18:17:09,Dec 10 18:17:38
219.146.12.180,24,0,0,YES ⚠️,Dec 25 11:53:12,Dec 27 21:02:15
174.142.75.150,3,0,0,No,Dec 10 02:59:29,Dec 10 02:59:30
85.214.56.136,2,0,0,No,Dec 10 18:27:06,Dec 10 18:27:07
64.69.41.179,19,0,0,YES ⚠️,Dec 31 10:58:23,Dec 31 10:58:48
89.140.237.217,1,0,0,No,Dec 22 00:45:18,Dec 22 00:45:18
222.186.197.76,25,0,0,YES ⚠️,Dec 10 05:50:19,Dec 29 16:10:01
72.64.221.127,2,0,0,No,Dec 29 13:54:16,Dec 29 13:54:41
221.143.47.9,2,0,0,No,Dec 11 10:24:16,Dec 11 10:24:18
98.130.211.38,2,0,0,No,Dec 10 20:52:31,Dec 10 20:52:31
74.221.211.132,3,0,0,No,Dec  9 18:35:43,Dec  9 18:35:45
87.106.129.222,2,0,0,No,Dec 11 02:45:17,Dec 11 02:45:18
210.200.0.70,4,0,0,No,Dec 10 22:30:49,Dec 12 15:36:19
31.210.112.181,18,0,0,YES ⚠️,Dec 16 23:26:14,Dec 16 23:26:37
117.135.144.81,2,0,0,No,Dec  8 01:13:27,Dec  8 01:13:29
95.170.144.111,9,0,0,YES ⚠️,Dec  9 20:42:03,Dec 10 07:36:32
202.75.100.234,2,0,0,No,Dec 10 15:46:47,Dec 10 15:46:51
193.106.92.214,6,0,0,YES ⚠️,Dec 11 04:28:28,Dec 12 05:40:01
91.217.151.130,3,0,0,No,Dec 10 00:12:37,Dec 10 00:12:39
109.7.92.197,2,0,0,No,Dec 11 07:22:05,Dec 11 07:22:07
66.135.59.37,12,0,0,YES ⚠️,Dec 30 12:42:29,Dec 30 12:42:35
92.61.37.32,2,0,0,No,Dec 11 12:12:26,Dec 11 12:12:27
66.115.204.18,42,0,0,YES ⚠️,Dec 23 04:39:56,Dec 23 23:15:00
59.162.182.50,3,0,0,No,Dec  9 22:15:48,Dec  9 22:15:52
88.63.48.10,2,0,0,No,Dec  7 16:17:10,Dec  7 16:17:13
210.46.81.49,2,0,0,No,Dec 18 01:04:21,Dec 18 01:04:38
173.193.70.114,3,0,0,No,Dec  9 22:33:28,Dec  9 22:33:29
80.68.75.18,1,0,0,No,Dec 24 22:14:55,Dec 24 22:14:55
173.20.16.2,1,0,0,No,Dec 29 13:53:25,Dec 29 13:53:25
122.225.109.115,2,0,0,No,Dec 27 06:18:20,Dec 29 21:50:25
81.88.37.170,4,0,0,No,Dec 10 19:46:30,Dec 11 06:51:56
108.60.100.121,3,0,0,No,Dec 11 09:32:04,Dec 11 09:32:06
188.63.30.110,2,0,0,No,Dec 10 15:47:18,Dec 10 15:47:20
87.106.132.130,2,0,0,No,Dec 10 16:34:32,Dec 10 16:34:34
216.27.79.230,1,0,0,No,Dec 27 23:54:20,Dec 27 23:54:20
111.90.159.200,3,0,0,No,Dec 10 05:43:20,Dec 10 05:43:22
82.165.197.250,4,0,0,No,Dec  9 22:53:15,Dec 12 00:50:24
109.203.124.104,3,0,0,No,Dec  9 19:32:01,Dec  9 19:32:03
206.80.42.39,3,0,0,No,Dec 11 23:02:19,Dec 11 23:18:27
74.208.174.37,2,0,0,No,Dec 10 21:58:09,Dec 10 21:58:09
84.14.252.137,2,0,0,No,Dec 10 18:46:36,Dec 10 18:46:37
62.105.140.82,3,0,0,No,Dec 10 04:40:11,Dec 10 04:40:13
90.156.211.203,3,0,0,No,Dec  9 20:56:59,Dec  9 20:57:02
58.218.248.124,1,0,0,No,Dec 18 06:58:34,Dec 18 06:58:34
87.106.4.29,1,0,0,No,Dec 11 18:20:00,Dec 11 18:20:00
58.83.210.52,3,0,0,No,Dec  9 20:13:13,Dec  9 20:13:18
82.194.71.46,3,0,0,No,Dec 10 13:17:02,Dec 10 13:17:04
222.197.129.60,1,0,0,No,Dec 26 22:41:13,Dec 26 22:41:13
24.111.28.174,2,0,0,No,Dec 18 04:49:57,Dec 18 04:50:01
198.74.100.10,38,0,0,YES ⚠️,Dec 10 21:52:48,Dec 25 18:30:03
92.48.124.24,5,0,0,YES ⚠️,Dec 10 09:40:08,Dec 12 06:31:40
87.106.240.29,2,0,0,No,Dec 10 19:20:36,Dec 10 19:20:37
204.232.202.89,24,0,0,YES ⚠️,Dec 22 22:44:57,Dec 22 22:47:49
220.117.240.106,5,0,0,YES ⚠️,Dec 10 16:36:38,Dec 12 10:35:13
82.137.243.55,2,0,0,No,Dec 12 00:51:18,Dec 12 00:51:21
202.46.0.13,30,0,0,YES ⚠️,Dec 26 11:06:42,Dec 26 11:08:38
80.122.148.116,1,0,0,No,Dec 10 17:43:59,Dec 10 17:43:59
87.106.178.147,2,0,0,No,Dec 11 19:46:55,Dec 11 19:46:57
213.108.174.67,3,0,0,No,Dec 11 22:39:07,Dec 11 22:39:10
85.25.20.63,1,0,0,No,Dec 12 07:32:45,Dec 12 07:32:45
92.245.188.35,4,0,0,No,Dec 10 06:09:20,Dec 12 11:40:35
94.247.176.160,9,0,0,YES ⚠️,Dec 11 01:01:35,Dec 12 12:15:15
70.25.34.135,1,0,0,No,Dec 12 07:32:03,Dec 12 07:32:03
82.85.83.11,2,0,0,No,Dec 10 16:23:43,Dec 10 16:24:00
80.52.164.106,3,0,0,No,Dec 10 19:11:17,Dec 11 03:08:25
27.34.140.99,21,0,0,YES ⚠️,Dec 23 10:59:58,Dec 23 11:00:43
222.171.202.193,4,0,0,No,Dec 10 09:04:20,Dec 12 12:05:48
77.236.97.26,14,0,0,YES ⚠️,Dec 10 16:38:54,Dec 19 22:53:06
71.179.84.208,1,0,0,No,Dec 11 23:21:13,Dec 11 23:21:13
219.217.80.140,2,0,0,No,Dec 10 15:55:38,Dec 10 15:55:42
103.10.151.156,3,0,0,No,Dec 10 11:04:36,Dec 10 15:46:08
95.215.60.61,3,0,0,No,Dec 10 00:06:07,Dec 10 00:06:09
82.165.36.48,2,0,0,No,Dec 11 18:30:53,Dec 12 15:40:18
37.204.3.243,1,0,0,No,Dec 16 10:01:32,Dec 16 10:01:32
149.129.131.201,1,0,0,No,Dec 22 00:46:01,Dec 22 00:46:01
72.46.157.64,21,0,0,YES ⚠️,Dec 12 00:46:12,Dec 29 07:59:40
200.175.235.182,2,0,0,No,Dec 10 18:43:13,Dec 10 18:43:15
173.8.143.50,1,0,0,No,Dec 11 23:19:23,Dec 11 23:19:23
83.234.111.24,1,0,0,No,Dec  7 10:51:02,Dec  7 10:51:02
112.171.146.205,6,0,0,YES ⚠️,Dec 11 03:07:32,Dec 11 12:00:16
202.67.211.124,5,0,0,YES ⚠️,Dec 10 20:46:32,Dec 12 00:49:40
82.194.72.136,6,0,0,YES ⚠️,Dec 10 02:29:27,Dec 10 06:47:42
62.75.245.140,3,0,0,No,Dec 11 17:04:44,Dec 11 17:04:46
76.162.112.43,11,0,0,YES ⚠️,Dec 10 02:46:41,Dec 12 13:49:17
87.106.191.193,2,0,0,No,Dec 10 16:25:29,Dec 10 16:25:31
95.211.108.143,7,0,0,YES ⚠️,Dec 13 06:18:04,Dec 13 06:18:10
87.106.212.105,2,0,0,No,Dec 11 15:44:39,Dec 11 15:44:40
206.188.208.138,2,0,0,No,Dec  3 21:10:06,Dec  3 21:10:09
122.225.109.118,2,0,0,No,Dec  3 00:54:25,Dec 16 19:57:45
109.161.246.159,1,0,0,No,Dec 27 16:52:52,Dec 27 16:52:52
107.20.157.237,2,0,0,No,Dec  3 09:47:16,Dec  3 09:47:17
90.156.159.39,2,0,0,No,Dec 10 20:12:43,Dec 10 20:12:47
75.146.180.109,1,0,0,No,Dec 29 13:54:10,Dec 29 13:54:10
91.200.12.111,9,0,0,YES ⚠️,Dec 11 10:49:14,Dec 11 10:52:11
87.106.178.58,2,0,0,No,Dec 10 18:23:39,Dec 10 18:23:40
84.20.17.150,3,0,0,No,Dec 10 15:28:04,Dec 10 15:28:06
91.143.24.193,1,0,0,No,Dec 16 10:01:23,Dec 16 10:01:23
59.79.168.65,1,0,0,No,Dec 11 22:12:12,Dec 11 22:12:12
210.196.207.158,1,0,0,No,Dec 12 02:40:05,Dec 12 02:40:05
222.161.209.92,356,0,0,YES ⚠️,Dec 11 16:30:50,Dec 31 01:33:12
60.249.25.21,21,0,0,YES ⚠️,Dec 23 02:22:10,Dec 23 02:23:02
210.211.122.241,4,0,0,No,Dec 10 12:24:19,Dec 12 10:18:06
110.36.140.42,1,0,0,No,Dec 26 22:36:39,Dec 26 22:36:39
85.95.252.217,30,0,0,YES ⚠️,Dec 25 03:13:59,Dec 25 03:15:18
89.248.105.228,4,0,0,No,Dec 11 00:25:13,Dec 11 04:49:16
178.250.168.136,3,0,0,No,Dec 10 06:19:55,Dec 10 06:19:57
67.52.110.44,3,0,0,No,Dec 11 19:22:18,Dec 12 01:28:19
85.94.76.39,1,0,0,No,Dec 10 22:17:58,Dec 10 22:17:58
77.241.93.145,6,0,0,YES ⚠️,Dec  9 20:06:19,Dec  9 21:05:49
81.209.194.30,2,0,0,No,Dec 11 01:44:13,Dec 11 01:44:14
106.187.45.240,2,0,0,No,Dec  3 16:26:31,Dec  3 16:26:34
109.173.76.90,1,0,0,No,Dec 24 22:14:41,Dec 24 22:14:41
87.139.204.91,2,0,0,No,Dec 10 17:27:23,Dec 10 17:32:49
176.74.179.95,1,0,0,No,Dec 18 04:45:25,Dec 18 04:45:25
210.28.160.177,7,0,0,YES ⚠️,Dec 10 16:49:23,Dec 12 13:07:06
82.165.145.12,4,0,0,No,Dec 10 03:44:06,Dec 12 14:18:55
221.203.3.10,5,0,0,YES ⚠️,Dec 11 19:34:33,Dec 11 21:13:55
221.179.89.90,100,0,0,YES ⚠️,Dec  4 21:37:39,Dec  4 21:42:16
87.106.151.126,28,0,0,YES ⚠️,Dec 10 19:59:38,Dec 27 18:23:43
85.214.254.252,3,0,0,No,Dec  9 18:16:05,Dec  9 18:16:07
64.34.162.30,21,0,0,YES ⚠️,Dec 23 22:32:49,Dec 23 22:33:26
95.84.134.18,1,0,0,No,Dec  7 10:50:32,Dec  7 10:50:32
111.205.45.254,2,0,0,No,Dec 21 08:39:57,Dec 21 08:40:01
184.106.149.144,3,0,0,No,Dec  9 21:59:57,Dec  9 21:59:58
85.95.252.23,63,0,0,YES ⚠️,Dec  9 21:08:10,Dec 25 23:32:58
74.86.231.106,10,0,0,YES ⚠️,Dec  9 21:01:19,Dec 12 02:40:09
85.25.45.7,3,0,0,No,Dec 10 10:51:41,Dec 10 10:51:43
66.155.19.142,2,0,0,No,Dec 10 18:11:33,Dec 10 18:11:33
104.200.19.180,3,0,0,No,Dec  5 10:31:23,Dec  5 10:31:24
61.145.118.173,4,0,0,No,Dec 10 18:21:24,Dec 24 06:44:16
76.30.242.202,3,0,0,No,Dec  9 19:04:04,Dec 12 14:39:19
24.156.121.44,30,0,0,YES ⚠️,Dec 28 11:25:29,Dec 28 11:25:59
177.207.223.227,3,0,0,No,Dec  6 03:25:32,Dec  6 03:25:34
61.232.77.2,30,0,0,YES ⚠️,Dec 27 12:02:23,Dec 27 12:04:40
201.245.165.116,6,0,0,YES ⚠️,Dec 10 23:09:35,Dec 12 04:55:56
74.215.142.170,3,0,0,No,Dec 11 21:13:46,Dec 11 21:13:47
81.169.172.73,3,0,0,No,Dec 11 21:02:24,Dec 11 21:02:26
116.12.50.159,3,0,0,No,Dec  9 19:06:19,Dec  9 19:06:23
203.129.32.66,8,0,0,YES ⚠️,Dec 10 16:24:08,Dec 12 05:54:41
87.106.213.79,1,0,0,No,Dec 12 16:08:10,Dec 12 16:08:10
61.138.3.111,21,0,0,YES ⚠️,Dec 30 09:47:50,Dec 30 09:49:11
122.225.97.86,3,0,0,No,Dec 22 10:35:34,Dec 27 06:01:15
210.51.14.181,5,0,0,YES ⚠️,Dec 10 15:19:51,Dec 12 09:56:56
176.103.49.29,1,0,0,No,Dec 30 20:10:05,Dec 30 20:10:05
205.204.91.2,2,0,0,No,Dec 28 19:09:35,Dec 28 19:09:35
27.120.65.11,1,0,0,No,Dec 22 23:48:06,Dec 22 23:48:06
189.20.72.26,12,0,0,YES ⚠️,Dec  1 22:28:53,Dec  5 22:44:40
217.170.194.65,32,0,0,YES ⚠️,Dec 11 10:02:50,Dec 31 06:17:00
69.32.128.159,30,0,0,YES ⚠️,Dec 27 09:05:16,Dec 27 09:05:31
87.106.219.45,6,0,0,YES ⚠️,Dec 10 01:10:21,Dec 10 01:37:14
202.111.224.2,2,0,0,No,Dec 23 11:20:01,Dec 23 11:20:06
101.231.72.111,1,0,0,No,Dec 28 18:27:03,Dec 28 18:27:03
112.101.64.87,4,0,0,No,Dec  4 21:49:33,Dec 16 16:03:28
131.226.0.191,1,0,0,No,Dec 16 10:01:06,Dec 16 10:01:06
122.225.109.103,5,0,0,YES ⚠️,Dec  7 22:14:30,Dec 28 21:36:47
211.149.195.105,1,0,0,No,Dec 24 14:47:57,Dec 24 14:47:57
74.208.13.37,2,0,0,No,Dec 10 16:03:51,Dec 10 16:03:51
77.92.154.171,1,0,0,No,Dec 11 21:13:38,Dec 11 21:13:38
66.85.155.34,1,0,0,No,Dec 12 01:58:01,Dec 12 01:58:01
123.215.19.7,4,0,0,No,Dec 10 10:23:24,Dec 12 04:27:28
109.169.74.58,31,0,0,YES ⚠️,Dec 11 08:34:02,Dec 25 13:04:43
87.106.58.100,56,0,0,YES ⚠️,Dec 10 17:40:43,Dec 27 17:44:24
85.214.21.74,3,0,0,No,Dec  9 18:46:30,Dec  9 18:46:32
109.169.75.64,31,0,0,YES ⚠️,Dec 11 02:55:06,Dec 27 20:49:34
173.201.216.19,1,0,0,No,Dec 27 16:09:52,Dec 27 16:09:52
176.96.247.30,1,0,0,No,Dec 29 13:54:15,Dec 29 13:54:15
58.64.191.149,3,0,0,No,Dec 10 14:57:18,Dec 10 14:57:27
122.225.97.89,1,0,0,No,Dec 21 06:03:31,Dec 21 06:03:31
50.23.96.215,20,0,0,YES ⚠️,Dec 29 13:21:13,Dec 29 13:21:41
115.28.169.99,3,0,0,No,Dec  6 19:55:31,Dec  6 19:55:37
61.120.4.41,3,0,0,No,Dec 11 12:50:29,Dec 11 12:50:32
61.134.23.212,16,0,0,YES ⚠️,Dec 10 18:39:52,Dec 12 11:30:17
211.43.207.113,21,0,0,YES ⚠️,Dec 23 16:56:09,Dec 23 16:57:10
67.23.14.185,3,0,0,No,Dec 10 08:19:52,Dec 10 08:19:53
87.106.103.227,21,0,0,YES ⚠️,Dec 24 13:18:17,Dec 24 13:18:41
213.165.70.79,6,0,0,YES ⚠️,Dec 10 06:15:16,Dec 10 09:19:43
202.215.160.75,2,0,0,No,Dec 10 16:51:49,Dec 10 16:51:52
62.212.74.221,1,0,0,No,Dec 10 23:28:36,Dec 10 23:28:36
103.12.158.218,3,0,0,No,Dec 10 12:27:20,Dec 11 11:43:06
205.178.137.185,3,0,0,No,Dec 10 09:42:35,Dec 10 09:42:36
109.62.255.141,30,0,0,YES ⚠️,Dec 29 22:29:20,Dec 29 22:30:25
107.167.180.193,14,0,0,YES ⚠️,Dec 16 13:55:57,Dec 16 13:56:26
188.32.246.7,1,0,0,No,Dec 16 10:01:00,Dec 16 10:01:00
173.176.242.7,1,0,0,No,Dec 21 15:05:20,Dec 21 15:05:20
78.31.48.128,3,0,0,No,Dec  9 18:41:50,Dec  9 18:41:52
218.75.153.170,9,0,0,YES ⚠️,Dec  1 02:26:38,Dec  1 02:28:25
173.234.32.210,3,0,0,No,Dec  1 06:24:18,Dec  1 06:24:19
87.106.20.18,5,0,0,YES ⚠️,Dec 10 01:12:35,Dec 10 20:15:22
193.104.41.205,3,0,0,No,Dec 24 23:58:28,Dec 25 00:01:57
67.192.246.122,3,0,0,No,Dec 10 13:44:36,Dec 10 13:44:37
162.242.168.54,3,0,0,No,Dec  7 04:59:28,Dec  7 04:59:28
187.76.79.142,1,0,0,No,Dec  1 23:36:42,Dec  1 23:36:42
85.214.122.168,3,0,0,No,Dec  9 20:55:26,Dec  9 20:55:28
76.17.253.13,2,0,0,No,Dec 11 15:55:33,Dec 11 15:55:34
70.184.239.15,3,0,0,No,Dec  9 23:48:35,Dec  9 23:48:36
122.225.109.108,4,0,0,No,Dec  2 10:39:47,Dec 22 04:52:40
62.233.105.14,1,0,0,No,Dec 23 14:24:56,Dec 23 14:24:56
124.2.53.233,1,0,0,No,Dec 11 16:41:07,Dec 11 16:41:07
122.225.109.207,1,0,0,No,Dec 28 01:48:46,Dec 28 01:48:46
220.181.65.115,2,0,0,No,Dec 11 18:56:56,Dec 11 18:57:03
77.241.83.195,4,0,0,No,Dec  3 14:56:01,Dec 11 13:57:49
82.71.212.132,3,0,0,No,Dec  9 21:59:48,Dec  9 21:59:50
222.34.173.78,1,0,0,No,Dec 11 18:55:54,Dec 11 18:55:54
85.159.237.84,3,0,0,No,Dec 10 17:39:27,Dec 10 17:39:29
31.193.192.161,1,0,0,No,Dec 10 23:33:00,Dec 10 23:33:00
87.106.210.86,6,0,0,YES ⚠️,Dec 10 03:10:59,Dec 10 15:49:36
60.213.190.98,32,0,0,YES ⚠️,Dec 11 00:33:26,Dec 27 11:11:09
220.194.46.36,1,0,0,No,Dec 25 13:51:44,Dec 25 13:51:44
64.130.188.143,1,0,0,No,Dec 24 22:14:13,Dec 24 22:14:13
87.118.110.235,3,0,0,No,Dec  9 18:25:12,Dec  9 18:25:14
87.106.214.64,62,0,0,YES ⚠️,Dec 11 10:14:28,Dec 30 02:35:11
82.144.168.139,3,0,0,No,Dec 23 23:16:13,Dec 23 23:16:23
91.75.76.98,1,0,0,No,Dec 22 00:45:12,Dec 22 00:45:12
174.143.240.204,21,0,0,YES ⚠️,Dec  3 14:54:26,Dec  4 08:52:37
74.83.43.181,1,0,0,No,Dec 22 00:45:50,Dec 22 00:45:50
61.78.90.133,6,0,0,YES ⚠️,Dec 23 00:30:38,Dec 23 00:30:59
150.183.249.3,32,0,0,YES ⚠️,Dec 10 20:36:45,Dec 28 15:42:49
59.90.80.41,1,0,0,No,Dec 24 19:37:03,Dec 24 19:37:03
58.42.252.116,21,0,0,YES ⚠️,Dec 23 01:53:38,Dec 23 01:54:37
76.74.237.22,18,0,0,YES ⚠️,Dec  9 18:54:15,Dec 22 15:28:15
61.174.50.178,1,0,0,No,Dec 28 11:38:56,Dec 28 11:38:56
5.79.186.173,1,0,0,No,Dec 29 13:53:56,Dec 29 13:53:56
61.152.91.34,2,0,0,No,Dec 11 01:40:16,Dec 11 01:40:19
104.130.130.129,2,0,0,No,Dec 12 12:52:47,Dec 12 12:52:47
92.61.36.163,30,0,0,YES ⚠️,Dec 27 06:34:58,Dec 27 06:35:52
92.61.36.37,2,0,0,No,Dec 11 17:34:25,Dec 11 17:34:26
64.203.64.50,30,0,0,YES ⚠️,Dec 28 11:08:10,Dec 28 11:08:36
209.193.104.8,1,0,0,No,Dec 24 22:14:08,Dec 24 22:14:08
79.138.70.153,3,0,0,No,Dec 21 03:43:11,Dec 21 03:43:15
91.215.181.133,5,0,0,YES ⚠️,Dec 11 01:45:26,Dec 12 02:41:29
94.247.27.237,3,0,0,No,Dec  9 19:03:01,Dec  9 19:03:03
78.110.62.227,6,0,0,YES ⚠️,Dec 10 04:42:48,Dec 10 05:12:04
208.105.171.76,1,0,0,No,Dec 29 13:53:36,Dec 29 13:53:36
74.53.18.165,2,0,0,No,Dec 11 00:40:51,Dec 11 00:40:52
200.105.252.74,3,0,0,No,Dec 11 12:50:35,Dec 11 12:50:37
101.99.3.131,2,0,0,No,Dec 10 17:27:04,Dec 12 15:45:22
222.255.174.28,4,0,0,No,Dec 16 17:08:52,Dec 16 17:10:10
201.217.52.194,3,0,0,No,Dec 10 06:15:59,Dec 10 06:16:02
58.215.172.77,1,0,0,No,Dec 11 21:46:57,Dec 11 21:46:57
82.165.132.37,3,0,0,No,Dec 11 23:51:22,Dec 12 00:16:10
78.11.113.10,2,0,0,No,Dec 10 23:31:20,Dec 11 01:05:46
212.2.5.120,3,0,0,No,Dec 11 09:05:59,Dec 11 09:06:02
87.230.85.94,3,0,0,No,Dec 11 22:42:28,Dec 11 22:42:31
61.93.9.2,21,0,0,YES ⚠️,Dec 24 00:55:05,Dec 24 00:55:56
175.139.182.66,2,0,0,No,Dec 10 18:58:40,Dec 10 18:58:42
54.241.100.122,1,0,0,No,Dec 11 23:25:56,Dec 11 23:25:56
211.232.125.198,4,0,0,No,Dec 10 16:35:07,Dec 11 16:20:19
213.229.18.22,1,0,0,No,Dec 11 23:18:29,Dec 11 23:18:29
122.225.109.106,2,0,0,No,Dec 26 05:58:55,Dec 31 20:12:20
76.8.107.67,1,0,0,No,Dec  7 10:50:34,Dec  7 10:50:34
220.128.120.49,32,0,0,YES ⚠️,Dec 12 04:02:53,Dec 24 20:18:35
50.253.245.145,1,0,0,No,Dec 24 22:14:18,Dec 24 22:14:18
213.165.86.216,4,0,0,No,Dec 12 07:00:32,Dec 12 13:12:47
187.76.80.178,4,0,0,No,Dec  1 03:42:50,Dec  6 16:46:14
87.106.167.207,4,0,0,No,Dec 10 16:31:41,Dec 11 16:51:12
31.184.194.114,1,0,0,No,Dec  6 17:03:15,Dec  6 17:03:15
42.62.29.54,2,0,0,No,Dec 10 15:41:13,Dec 10 15:41:19
85.214.109.175,2,0,0,No,Dec 12 00:52:49,Dec 12 00:52:50
62.117.88.25,3,0,0,No,Dec 10 17:20:36,Dec 25 06:54:48
85.214.220.17,3,0,0,No,Dec  9 21:41:34,Dec  9 21:41:36
84.93.156.103,2,0,0,No,Dec 12 04:03:22,Dec 12 04:03:23
85.93.104.100,2,0,0,No,Dec 10 21:49:57,Dec 10 21:49:58
82.165.154.153,3,0,0,No,Dec 10 05:33:22,Dec 10 05:33:24
95.78.125.196,3,0,0,No,Dec  1 15:28:30,Dec  1 15:28:45
122.225.109.196,3,0,0,No,Dec  9 21:32:27,Dec 21 00:31:01
211.196.162.202,2,0,0,No,Dec 10 21:05:34,Dec 10 21:05:37
125.71.228.94,2,0,0,No,Dec 18 00:15:30,Dec 18 00:15:35
50.31.0.49,12,0,0,YES ⚠️,Dec 22 20:28:57,Dec 22 20:29:05
68.68.9.117,1,0,0,No,Dec 22 11:50:13,Dec 22 11:50:13
101.226.249.53,5,0,0,YES ⚠️,Dec 29 19:35:59,Dec 29 19:36:23
88.255.236.5,2,0,0,No,Dec 12 03:06:43,Dec 12 03:06:44
175.184.42.167,3,0,0,No,Dec 10 05:14:24,Dec 10 05:14:27
94.53.210.85,1,0,0,No,Dec 11 04:12:12,Dec 11 04:12:12
210.177.69.33,18,0,0,YES ⚠️,Dec 28 12:43:35,Dec 29 09:04:22
54.235.119.115,2,0,0,No,Dec 10 16:25:01,Dec 10 16:25:01
217.27.158.228,24,0,0,YES ⚠️,Dec 10 15:59:18,Dec 23 07:23:03
62.141.46.222,30,0,0,YES ⚠️,Dec 25 06:11:18,Dec 25 06:13:17
212.227.137.68,2,0,0,No,Dec 11 07:26:29,Dec 11 07:26:31
122.225.109.215,1,0,0,No,Dec  9 04:03:38,Dec  9 04:03:38
94.51.144.116,1,0,0,No,Dec  7 10:51:11,Dec  7 10:51:11
122.225.109.116,1,0,0,No,Dec  9 00:27:06,Dec  9 00:27:06
76.74.255.158,6,0,0,YES ⚠️,Dec 10 15:22:30,Dec 12 01:56:07
122.225.109.201,3,0,0,No,Dec 12 05:38:13,Dec 19 01:33:14
222.186.34.69,1,0,0,No,Dec  5 09:09:20,Dec  5 09:09:20
103.9.91.6,4,0,0,No,Dec 14 01:52:34,Dec 14 01:52:53
94.23.80.175,21,0,0,YES ⚠️,Dec 23 20:30:33,Dec 23 20:31:15
212.227.22.98,42,0,0,YES ⚠️,Dec 24 03:02:49,Dec 24 03:09:02
203.223.138.111,2,0,0,No,Dec 11 11:43:00,Dec 11 22:42:16
82.194.93.62,4,0,0,No,Dec 10 18:04:59,Dec 11 23:09:43
213.137.2.230,1,0,0,No,Dec 12 01:06:03,Dec 12 01:06:03
81.90.33.65,2,0,0,No,Dec 10 19:52:35,Dec 10 19:52:36
62.141.36.249,2,0,0,No,Dec 11 01:41:12,Dec 11 01:41:13
87.106.131.85,4,0,0,No,Dec 11 16:01:52,Dec 11 20:00:23
95.191.255.22,1,0,0,No,Dec 24 22:14:50,Dec 24 22:14:50
74.195.21.139,1,0,0,No,Dec 16 10:01:31,Dec 16 10:01:31
61.172.255.88,1,0,0,No,Dec 10 04:30:57,Dec 10 04:30:57
202.104.143.66,3,0,0,No,Dec  9 23:57:43,Dec  9 23:57:47
210.14.157.171,5,0,0,YES ⚠️,Dec 10 18:46:09,Dec 12 02:21:47
75.1.80.166,1,0,0,No,Dec 10 16:25:20,Dec 10 16:25:20
187.12.249.74,2,0,0,No,Nov 30 08:42:04,Dec  1 19:40:51
203.155.100.234,2,0,0,No,Dec 11 23:42:57,Dec 11 23:42:59
61.19.251.164,3,0,0,No,Dec 11 22:41:22,Dec 11 22:41:27
87.106.131.178,3,0,0,No,Dec 10 19:28:37,Dec 24 22:23:42
67.149.235.72,1,0,0,No,Dec 10 17:41:44,Dec 10 17:41:44
76.162.112.172,33,0,0,YES ⚠️,Dec 12 02:39:56,Dec 25 16:24:26
85.214.107.170,2,0,0,No,Dec 10 18:27:13,Dec 10 18:27:14
122.225.109.112,2,0,0,No,Dec 11 07:53:42,Dec 13 12:06:53
203.121.106.149,24,0,0,YES ⚠️,Dec 11 17:41:52,Dec 24 04:01:05
95.110.225.45,2,0,0,No,Dec 12 08:39:56,Dec 12 08:39:57
177.19.155.146,1,0,0,No,Dec 11 23:19:18,Dec 11 23:19:18
109.63.30.149,1,0,0,No,Dec 27 10:23:59,Dec 27 10:23:59
178.239.183.199,2,0,0,No,Dec 10 15:56:06,Dec 10 15:56:08
109.63.119.164,1,0,0,No,Dec 26 19:50:10,Dec 26 19:50:10
2.60.89.208,1,0,0,No,Dec  7 10:50:20,Dec  7 10:50:20
94.247.176.90,2,0,0,No,Dec 10 19:59:12,Dec 10 19:59:14
87.106.252.30,1,0,0,No,Dec 11 13:19:05,Dec 11 13:19:05
85.214.254.205,3,0,0,No,Dec 10 00:37:26,Dec 10 00:37:28
67.19.112.186,42,0,0,YES ⚠️,Dec 24 02:29:46,Dec 24 02:42:07
59.120.151.118,1,0,0,No,Dec 10 17:11:35,Dec 10 17:11:35
85.120.203.2,2,0,0,No,Dec 10 18:42:45,Dec 10 18:42:46
89.107.231.7,5,0,0,YES ⚠️,Dec  3 22:18:29,Dec  9 19:49:48
95.211.192.210,12,0,0,YES ⚠️,Dec 18 07:09:48,Dec 18 07:09:59
80.93.94.8,1,0,0,No,Dec 11 09:29:01,Dec 11 09:29:01
71.42.43.131,2,0,0,No,Dec 16 10:01:19,Dec 16 10:01:48
200.38.236.11,2,0,0,No,Dec 10 22:05:14,Dec 10 22:05:16
203.188.255.202,7,0,0,YES ⚠️,Dec 10 02:46:24,Dec 12 12:57:52
61.197.203.243,409,0,0,YES ⚠️,Dec  6 08:23:28,Dec  6 09:01:41
58.215.172.204,1,0,0,No,Dec 11 21:40:05,Dec 11 21:40:05
103.12.84.51,3,0,0,No,Dec 12 11:19:25,Dec 12 11:19:29
187.76.79.206,1,0,0,No,Dec 30 17:00:00,Dec 30 17:00:00
122.225.109.220,2,0,0,No,Dec 25 00:17:13,Dec 25 00:17:14
64.185.0.17,1,0,0,No,Dec 29 13:54:23,Dec 29 13:54:23
91.229.35.5,28,0,0,YES ⚠️,Dec 10 14:15:41,Dec 23 02:48:51
41.72.146.236,2,0,0,No,Dec 18 08:07:46,Dec 18 08:07:50
71.72.31.82,1,0,0,No,Dec 22 00:45:53,Dec 22 00:45:53
5.228.133.254,1,0,0,No,Dec 16 10:01:27,Dec 16 10:01:27
50.17.221.29,3,0,0,No,Dec 11 12:42:42,Dec 11 12:42:42
210.167.160.37,2,0,0,No,Dec  9 22:58:26,Dec  9 22:58:31
61.145.121.97,14,0,0,YES ⚠️,Dec 10 19:16:57,Dec 30 02:44:28
101.4.63.2,3,0,0,No,Dec  5 22:45:23,Dec  5 22:45:28
82.165.133.208,5,0,0,YES ⚠️,Dec  9 20:07:25,Dec 10 18:37:21
5.21.228.5,5,0,0,YES ⚠️,Dec 11 05:01:57,Dec 11 22:57:53
46.4.62.213,12,0,0,YES ⚠️,Dec 22 22:51:58,Dec 22 22:52:27
59.46.175.213,2,0,0,No,Dec 12 13:04:49,Dec 12 13:04:54
101.78.202.26,1,0,0,No,Dec 22 00:45:40,Dec 22 00:45:40
77.245.153.116,4,0,0,No,Dec 10 06:25:33,Dec 11 08:56:23
178.20.226.48,3,0,0,No,Dec 11 02:57:31,Dec 11 16:55:18
72.16.248.106,2,0,0,No,Dec 16 10:01:42,Dec 16 10:01:49
218.84.132.66,4,0,0,No,Dec 11 22:59:33,Dec 12 07:37:19
157.7.136.208,3,0,0,No,Dec 11 04:24:34,Dec 11 04:24:38
76.12.222.191,2,0,0,No,Dec 10 18:10:39,Dec 10 18:10:39
218.7.217.200,3,0,0,No,Dec 10 02:06:47,Dec 10 02:06:52
212.227.138.118,30,0,0,YES ⚠️,Dec 25 01:44:54,Dec 25 01:45:41
58.64.191.134,4,0,0,No,Dec 10 20:01:20,Dec 10 21:13:38
66.207.237.79,1,0,0,No,Dec 16 10:01:38,Dec 16 10:01:38
118.179.177.8,1,0,0,No,Dec 21 15:05:13,Dec 21 15:05:13
125.161.19.132,1,0,0,No,Dec  4 00:48:32,Dec  4 00:48:32
61.234.146.22,5,0,0,YES ⚠️,Dec 25 08:28:43,Dec 30 10:55:38
58.185.82.249,12,0,0,YES ⚠️,Dec 18 15:00:06,Dec 18 15:01:17
109.173.26.103,3,0,0,No,Dec 16 10:01:04,Dec 16 10:01:25
188.87.35.25,409,0,0,YES ⚠️,Dec 14 02:57:00,Dec 14 03:34:53
62.233.108.78,5,0,0,YES ⚠️,Dec  9 19:34:19,Dec 11 12:59:39
85.235.191.74,1,0,0,No,Dec 11 16:36:36,Dec 11 16:36:36
203.148.57.182,4,0,0,No,Dec 30 07:35:46,Dec 30 07:36:00
54.225.94.156,31,0,0,YES ⚠️,Dec 11 22:04:50,Dec 26 15:18:19
31.210.65.226,2,0,0,No,Dec 10 17:20:49,Dec 26 06:15:44
78.56.19.235,9,0,0,YES ⚠️,Dec  9 19:51:48,Dec 11 01:26:11
81.169.172.66,1,0,0,No,Dec 10 18:00:02,Dec 10 18:00:02
82.165.198.68,2,0,0,No,Dec  3 17:24:44,Dec  3 17:24:46
95.173.168.137,5,0,0,YES ⚠️,Dec  9 18:45:09,Dec 10 19:35:18
61.178.103.137,1,0,0,No,Dec 10 16:58:36,Dec 10 16:58:36
109.228.20.237,3,0,0,No,Dec 10 12:03:41,Dec 10 12:03:43
65.98.57.82,3,0,0,No,Dec 10 01:12:02,Dec 10 01:12:03
64.50.164.58,21,0,0,YES ⚠️,Dec 23 03:47:12,Dec 23 03:47:33
5.228.231.160,1,0,0,No,Dec 24 22:14:22,Dec 24 22:14:22
86.59.117.242,2,0,0,No,Dec 11 12:25:13,Dec 11 12:25:14
222.73.111.195,3,0,0,No,Dec  9 19:00:55,Dec  9 19:01:00
87.230.56.114,2,0,0,No,Dec 12 06:51:25,Dec 12 06:51:26
218.2.0.126,1,0,0,No,Dec 24 20:41:42,Dec 24 20:41:42
222.178.184.102,4,0,0,No,Dec 27 07:02:43,Dec 27 07:03:05
62.75.211.119,3,0,0,No,Dec 10 07:48:36,Dec 10 07:48:37
23.21.232.123,6,0,0,YES ⚠️,Dec 10 06:01:48,Dec 10 08:52:08
24.111.193.62,1,0,0,No,Dec 29 13:53:34,Dec 29 13:53:34
219.117.250.166,2,0,0,No,Dec 11 19:29:13,Dec 11 19:29:17
